Index,smiles,logt,Unnamed: 3
TR193,Nc1ccc(cc1)S(=O)(=O)N(COC(=O)c2ccccc2)c3ncccn3,0.2639845179767563,
TR266,CN(CC(=O)[O-])C(=O)[C@@H]([NH3+])CCC(=O)OCCOCn1cnc2C(=O)NC(=Nc12)N,0.5977445683163903,
TR102,CC(=O)O[C@@H]1C2=C(C)[C@H](C[C@@](O)([C@@H](OC(=O)c3ccccc3)[C@@H]3[C@@]4(CO[C@@H]4C[C@H](O)[C@@]3(C)C1=O)OC(C)=O)C2(C)C)OC(=O)[C@H](O)[C@@H](NC(=O)c1ccccc1)c1ccccc1,0.825857313169995,
TE122,CCCCCOC(=O)C[C@H](NP1(=O)COC(Cn2cnc3c(N)ncnc32)CO1)C(=O)OCCCCC,0.497109583705464,
TE20,CC(=O)Oc1ccccc1C(=O)O[C@H]1CO[C@@H]2[C@@H](CO[C@H]12)OC(=O)CO[N+]([O-])=O,0.2279970166547961,
TR235,NCCCC[C@H](N)C(=O)OC[C@H]1O[C@H](C[C@@H]1OC(=O)[C@@H](N)CCCCN)N2C=C(F)C(=O)NC2=O,0.5218072150172574,
TR261,COC(=O)[C@H](Cc1ccc(OC(=O)C)c(OC(=O)C)c1)NC(=O)CCCC(=O)N[C@@H](Cc2ccc(OC(=O)C)c(OC(=O)C)c2)C(=O)OC,0.5856876680701485,
TR73,COc1ccccc1C(=O)O[C@@H]1CO[C@@H]2[C@H](CO[C@H]12)OC(=O)c1ccccc1OC(C)=O,0.2360214015374396,
TR219,CCC(C(OCC1=CC=C(C=C1)C)=O)C(CC2=CN=CN2C)COC(C3=CC=CC=C3)=O,0.4702982267652545,
TR110,Cc1cc(no1)C(=O)NC1=CC=CN([C@@H](CC#C)C(=O)N[C@@H](C[C@@H]2CCNC2=O)\C=C\C(=O)OC2CCCC2)C1=O,0.7942268538424383,
TE25,OC[C@H]1O[C@@H](O)[C@H](O)[C@@H](OC(=O)c2nn(Cc3cc(Cl)cc(Cl)c3)c3ccccc23)[C@@H]1O,0.5528238758758406,
TE105,Oc1c(CN2CCCC2)cc(CC(=O)OCc3cocc3)cc1CN4CCCC4,0.4315652743390024,
EX2,CC(C)(C)C(=O)OCO[P@@]1(=O)OC[C@H]2O[C@@H](n3cnc4c(N)ncnc43)[C@H](F)[C@@H]2O[P@](=O)(OCOC(=O)C(C)(C)C)OC[C@H]2O[C@@H](n3cnc4c(N)ncnc43)[C@H](F)[C@@H]2O1,0.5945582139236477,70.0
TR70,CC(=O)Oc1ccccc1C(=O)O[C@H]1CO[C@@H]2[C@@H](CO[C@H]12)OC(=O)CCO[N+]([O-])=O,0.2589566173512724,
TR133,COc1cccc2C(=O)c3c(O)c4C[C@](O)(C[C@H](OC5CC(NC(=O)OCc6ccc(NC(=O)[C@H](CCCCN)NC(=O)[C@H](Cc7ccccc7)NC(=O)[C@@H](N)Cc7ccccc7)cc6)C(O)C(C)O5)c4c(O)c3C(=O)c12)C(=O)CO,0.5662298371876421,
TR430,Oc1c(CN2CCCC2)cc(CC(=O)OCC3CCc4ccccc4C3)cc1CN5CCCC5,0.3069921100845349,
TR214,CCOC(=O)c1ccc(cc1)N=NN(C)C(=O)OCOC(=O)C,0.4460776069089019,
TR397,C[C@H](CS)C(=O)OCC(=O)O,0.5711356316212916,
TR79,CC(=O)O[C@@H]1CO[C@@H]2[C@H](CO[C@H]12)OC(=O)c1ccccc1OC(C)=O,0.1895414693163444,
TE36,C[C@H]1[C@@H]2[C@H](CCN2C(=O)OCc2ccccc2)N(C(=O)C2CC2)C1=O,0.6099082879265011,
TE69,CCCCS(=O)(=O)NC1CC2=CC=C(OCCCCCCNC(=O)\C=C/C3=CC=CC=C3OC1=O)C=C2,0.6166472687666247,
TE84,COC1=C(OC(=O)C2=CC(O)=C(O)C(O)=C2)C=C(CO)C=C1,0.6687656131863793,
TE74,NC(CC1=CC=CC=C1)C(=O)OCC1=CC=CN=C1,0.6692623243042919,
TR56,COC(=O)[C@H](CS)NC(=O)[C@H](Cc1ccc(O)c(O)c1)NC(C)=O,0.5888354109876308,
TE83,OC1=CC=CC(OC(=O)C2=CC(O)=C(O)C(O)=C2)=C1,0.6751713047311758,
TR213,CCCCOC(=O)[C@H](Cc1ccccc1)NC(=O)CN,0.4424944143688922,
TR91,OC1O[C@H](COC(=O)c2nn(Cc3cc(Cl)cc(Cl)c3)c3ccccc23)[C@H](O)[C@H](O)[C@H]1O,0.6426167125984135,
TR156,CN1CCN(Cc2ccc(cc2)C(=O)Oc2ccc(NC(C)=O)cc2)CC1,0.7578718473280958,
TR11,NCc1ccc(cc1-c1cccc(c1)C(=O)Oc1ccccc1)C(=O)Nc1ccncc1F,0.4006982435231307,
TR159,CN(C)Cc1ccc(cc1)C(=O)Oc1ccc(NC(C)=O)cc1,0.6128627074779839,
TR272,C[C@H](NC(=O)[C@H](N)CCC(=O)OCCc1ccccc1)C(=O)O,0.6220230720458642,
TR149,CC1=CN([C@H]2C[C@H](N=[N+]=[N-])[C@@H](COC(=O)C(N)CCCCN)O2)C(=O)NC1=O,0.5232222452737235,
TR32,CC(=O)Oc1ccccc1C(=O)Nc1ncc(s1)[N+]([O-])=O,0.3877199407955062,
TE72,C[C@H](NC(=O)[C@H]([NH3+])CCC(=O)OCc1ccccc1)C(=O)[O-],0.6629925202627656,
EX22,CC[C@@H](C)OC(=O)C1(c2nc3c(OC)ccc(-c4ccc5c(c4)COC5=O)n3n2)CC1,0.4528165878085088,13.0
TR182,CCN(CC)CCN(CC)Cc1cccc(c1)C(=O)OCC(NC(=O)C(Cl)Cl)C(O)c1ccc(cc1)[N+]([O-])=O,0.2279970166547961,
TR109,CCOC(=O)c1ccc2nc(sc2c1)N1[C@H]2CCN([C@@H]2[C@H](C)C1=O)C(=O)[C@@H]1CCCN1C(=O)Nc1ccc(cc1)C(C)C,0.7665693359341369,
TE116,COc1ccc2C(=O)N(COC(=O)c3c(Cl)cccc3Cl)S(=O)(=O)c2c1,0.372369866789889,
TE110,COc1cc(C(C)C)c2C(=O)N(COC(=O)c3c(Cl)cccc3Cl)S(=O)(=O)c2c1,0.6529158800342796,
TR287,CC(C)OC(=O)[C@@H](N)Cc1ccc(O)c(O)c1,0.6975907010375338,
TR216,CCC(C(OCC1=CC=CC=C1)=O)C(CC2=CN=CN2C)COC(C3=CC=CC=C3)=O,0.4460776069089019,
TR55,COC(=O)[C@H](Cc1ccc(O)c(O)c1)NC(=O)[C@H](CS)NC(C)=O,0.594075735226558,
TE53,CCC(C(COC(C1=CC=CN=C1)=O)CC2=CN=CN2C)C(OCC3=CC=CC=C3)=O,0.3877199407955062,
TR351,CC1=NC(CO)=C(C)N=C1COC(=O)C(C)(C)C,0.6620266321523958,
TR290,CC(C)C[C@H]1NC(=O)[C@H](Cc2ccccc2)NC(=O)CNC(=O)[C@@H](C)NC(=O)[C@H](Cc3ccc(O)cc3)NC(=O)\C=C/c4ccccc4OCOC1=O,0.7063196281088343,
TR297,FC(F)(F)C1=C(NC2=CC=CC=C2CC(=O)OCOC(=O)NC(CC2=CC=CC=C2)C(=O)N2CCCCC2)C=CC=C1,0.7481712434877095,
TR119,C[C@H]1[C@@H]2[C@H](CCN2C(=O)OCc2ccccc2)N(C(=O)NCc2ccccc2)C1=O,0.7907899555966297,
TR488,CCOC(=O)[C@H](C)NP(=O)(OC[C@H]1O[C@@H](c2cnc3c(N)ncnn23)[C@](C)(F)[C@@H]1O)Oc1ccccc1,0.7863483336603013,
TR82,CC(=O)Oc1ccccc1C(=O)O[C@H]1CO[C@@H]2[C@@H](CO[C@H]12)OC(=O)c1ccncc1,0.1435266891670008,
EX13,O=C(Cc1ccccc1Nc1c(Cl)cccc1Cl)OCCOc1ccc2ccc(=O)oc2c1,0.4802146531859719,18.0
TR3,CCCC(=O)OC[C@H]1O[C@H]([C@H](OC(=O)CCC)[C@@H](OC(=O)CCC)[C@@H]1OC(=O)CCC)n1cc(nn1)-c1ccc(cc1)S(N)(=O)=O,0.5078721712681064,
TR275,CC(C)(C)C(=O)OCN(c1ccc(cc1Oc2ccccc2)[N+](=O)[O-])S(=O)(=O)C,0.6262547323903734,
TR64,CC(=O)Oc1ccccc1C(=O)O[C@H]1CO[C@@H]2[C@@H](CO[C@H]12)OC(=O)c1ccc(cc1)C#N,0.3552501236277987,
TR301,CC(C)(C)C(=O)Oc1ccc2C[C@H]3N(CC4CC4)CC[C@@]56[C@@H](Oc1c25)C(=O)CC[C@@]36O,0.7699613195388441,
TR77,CCC(=O)O[C@@H]1CO[C@@H]2[C@H](CO[C@H]12)OC(=O)c1ccccc1OC(C)=O,0.2018843552803965,
TR432,Oc1c(CN2CCCC2)cc(CC(=O)OCC3COc4ccccc4O3)cc1CN5CCCC5,0.4018924808435118,
TR279,CC(C)C[C@H]1NC(=O)[C@H](Cc2ccccc2)NC(=O)CNC(=O)[C@@H](C)NC(=O)[C@H](Cc3ccc(O)cc3)NC(=O)OCOC1=O,0.6426982283896461,
TR320,COC(=O)CCCC1=NC2=CC=C(C=C2N1C)N(CCCl)CCCl,0.5868819053905294,
TR285,CN(CC(=O)[O-])C(=O)[C@@H]([NH3+])CC(=O)OCc1ccccc1,0.6740746235636982,
TR458,O=C(CCCCC1CCSS1)OC1CCN(Cc2ccc(F)cc2)CC1,0.5638388196856484,
TR31,CSc1ccc(OP(=O)(Oc2ccc(SC)cc2)C(NC(=O)[C@@H]2CCCN2C(=O)[C@@H](NC(=O)OC(C)(C)C)C(C)C)C(C)C)cc1,0.7351929407600849,
TE98,CCCOC(=O)CCN1CCC(CC1)(N(C(=O)CC)c2ccccc2)C(=O)OC,0.4890851990166804,
TR45,COc1ccc2cc(ccc2c1)[C@H](C)C(=O)OCc1ccc(OC(=O)OCC[Si](C)(C)C)cc1,0.7027364355688246,
TR175,CN1CCN(Cc2cccc(c2)C(=O)OCC(NC(=O)C(Cl)Cl)C(O)c2ccc(cc2)[N+]([O-])=O)CC1,0.372369866789889,
TR361,CC(C)Cc1ccc(cc1)[C@H](C)C(=O)OCC(=O)N(C)C,0.4006982435231307,
TE99,CCC(=O)N(c1ccccc1)C2(CCN(CCC(=O)OC(C)C)CC2)C(=O)OC,0.5856876680701485,
TR375,CC(C)NCC(O)COC(=O)c1ccccc1Cl,0.2815423835087857,
EX18,COc1ccc(-c2ccc3c(c2)COC3=O)n2nc(C3CC3)nc12,0.4460776069181345,12.0
TR66,CC(=O)Oc1ccccc1C(=O)O[C@H]1CO[C@@H]2[C@@H](CO[C@H]12)OC(=O)c1ccc(CO[N+]([O-])=O)cc1,0.3105753026245446,
TR356,CCN(CC)C(=O)COC(=O)[C@@H](C)c1ccc(CC(C)C)cc1,0.2651959392387734,
TR50,COc1ccc2cc(ccc2c1)[C@H](C)C(=O)OCCC(C)(C)C,0.5431243638548076,
EX14,O=C(Cc1ccccc1Nc1c(Cl)cccc1Cl)OCCOc1ccc2oc(=O)ccc2c1,0.5286558927468074,32.0
TR443,COc1cc(C(C)C)c2C(=O)N(COC(=O)c3c(Cl)ccc(OCCN4CCCC4)c3Cl)S(=O)(=O)c2c1,0.6326118879898214,
TR40,CCCCOc1nc2N(Cc3ccc(F)c(CC(=O)OC)c3)C(=O)Nc2c(N)n1,0.4534617428743508,
TR431,Oc1c(CN2CCCC2)cc(CC(=O)OCCN3C(=O)c4ccccc4C3=O)cc1CN5CCCC5,0.3492643934570544,
TE108,[H]C1(CN2CC[C@]34C5=C6O[C@@]3([H])[C@]3(CC[C@@]4(C[C@]3([H])[C@](C)(O)C(C)(C)C)[C@@]2([H])CC5=CC=C6OC(=O)CC)OC)CC1,0.639937577306655,
TR7,C[C@@H](O)[C@@H]1[C@H]2[C@@H](C)C(S[C@@H]3CN[C@@H](C3)C(=O)N(C)C)=C(N2C1=O)C(=O)OCOC(=O)OC1CCc2ccccc2C1,0.4129864413956737,
TR265,CC(C)C[C@H]1NC(=O)[C@H](Cc2ccccc2)NC(=O)CNC(=O)[C@@H](C)NC(=O)[C@H](Cc3ccc(O)cc3)NC(=O)\C=C/c4ccccc4OC1=O,0.5969299851988765,
TR451,CC[C@@]1(O)C(=O)OCC2=C1C=C3N(Cc4c3nc5ccccc5c4[Si](C)(C)C(C)(C)C)C2=O,0.595752451241265,
TR342,COC1=C(OC(=O)C2=CC(O)=C(O)C(O)=C2)C=CC(CO)=C1,0.6590885947377115,
TR121,CC(=O)N1[C@H]2CCN([C@@H]2C(C)(C)C1=O)C(=O)OCc1ccccc1,0.7391712705172174,
TR251,O=C1C(NC(CC2=CC=CC=C2)=O)[C@H](SC3(C)C)N1[C@@H]3C(OCOC(C(C)(C)C)=O)=O,0.5662298371876421,
TR321,CCOC(=O)CCCC1=NC2=CC=C(C=C2N1C)N(CCCl)CCCl,0.6375176822296108,
TR87,CCOC(=O)CC(NC(=O)C1CCn2c1ccc2C(=O)c1ccccc1)C(=O)OCC,0.5143516994229881,
EX10,O=C(CCCCC1CCSS1)NCCCOC(=O)Cc1ccc(O)c(O)c1,0.5573592914872147,45.0
TR448,ClCCN(CCCl)c1ccc(CCCC(=O)Oc2cccc(c2)N3C(=O)C=CC3=O)cc1,0.7043840873213297,
TE106,Oc1c(CN2CCCC2)cc(CC(=O)OCC3CCCO3)cc1CN4CCCC4,0.342340577409735,
TR452,CC[C@@]1(O)C(=O)OCC2=C1C=C3N(Cc4c3nc5ccccc5c4[Si](C)(C)CCCCl)C2=O,0.6114968693828661,
TR42,CCCCOc1nc2N(Cc3cccc(CC(=O)OC)c3)C(=O)Nc2c(N)n1,0.3173142834646681,
TR183,CN1c2ncn(COC(=O)c3cccc(Cn4ccnc4)c3)c2C(=O)N(C)C1=O,0.2279970166547961,
TR211,COC(=O)[C@H](Cc1ccccc1)NC(=O)CN,0.4307275329032847,
TR57,COC(=O)\C=C\[C@H](CC(C)C)NC(=O)CC[C@H](NC(=O)[C@H](CC(C)C)NC(=O)[C@H](CC(C)C)C(=O)NC(=O)[C@@H](N)C(C)C)C(N)=O,0.6380933585231257,
TR134,CC[C@@]1(OC(=O)CN)C(=O)OCC2=C1C=C1N(Cc3cc4ccccc4nc13)C2=O,0.4648645791603278,
TE103,C[C@@]12[C@](C(OC)=O)(OC(C(Cl)Cl)=O)CC[C@@]1([H])[C@]3([H])CCC4=CC(C=C[C@]4(C)[C@@]3([H])[C@@H](O)C2)=O,0.5140392971824517,
TR276,N[C@@H](Cc1ccc(O)c(O)c1)C(=O)OCCCCO,0.628695260177927,
TR257,CC1=CN([C@@H]2O[C@H](COC(=O)CNNC(=O)c3ccncc3)C=C2)C(=O)NC1=O,0.5815799111932594,
TR212,Cc1ncc([N+](=O)[O-])n1CCOC(=O)CCCCCCCCC(=O)OCCn2c(C)ncc2[N+](=O)[O-],0.4323947619926203,
TR328,COC(=O)C1=CC(NC(=O)C2=CC=CC(=C2)C2=C(CN)C=CC(=C2)C(=O)NC2=C(F)C=NC=C2)=C(F)C=C1,0.480214653165945,
TR306,CCCC(CCC)C(=O)OCN(CC(=O)OCC)C(=O)c1ccccc1,0.8418219323931917,
TR433,[H]C1(CN2CC[C@]34C5=C6O[C@@]3([H])[C@]3(CC[C@@]4(C[C@]3([H])[C@](C)(O)C(C)(C)C)[C@@]2([H])CC5=CC=C6OC(=O)CCC)OC)CC1,0.6310670314559196,
TR502,CC(C)OC(=O)[C@H](C)N[P@@](=O)(OC[C@H]1O[C@@H](n2ccc(=O)[nH]c2=O)C(Cl)(Cl)[C@@H]1O)Oc1cccc(C2CCC2)c1,0.4119405606518588,
TR111,CC[C@H](N1C=CC=C(NC(=O)c2cc(C)on2)C1=O)C(=O)N[C@@H](C[C@@H]1CCNC1=O)\C=C\C(=O)OC1CCC1,0.7684197909990541,
TR83,CC(=O)Oc1ccccc1C(=O)O[C@H]1CO[C@@H]2[C@@H](CO[C@H]12)OC(=O)c1cnoc1C,0.0,
TR166,CNCc1cccc(c1)C(=O)OCC(=O)[C@@]1(O)CCC2C3CCC4=CC(=O)CCC4(C)C3C(O)CC12C,0.5078721712681064,
TR78,CC(=O)Oc1ccccc1C(=O)O[C@H]1CO[C@@H]2[C@@H](CO[C@H]12)OC(=O)c1ccccc1,0.1992936180026799,
TE23,CCOC(=O)C(NC(=O)C1CCn2c1ccc2C(=O)c1ccccc1)C(C)CC,0.5453113001194643,
TR71,CC(=O)Oc1ccccc1C(=O)O[C@H]1CO[C@@H]2[C@@H](CO[C@H]12)OC(=O)c1cccc(C)c1,0.2536092767867466,
EX25,COc1ccc(-c2ccc3c(c2)COC3=O)n2nc(C3(C(=O)OC4CCCCC4)CC3)nc12,0.5008520804856985,23.0
TR484,CCCCCOC(=O)C[C@H](NP(=O)(CO[C@@H](CF)Cn1cnc2c(=O)[nH]c(N)nc21)Oc1ccccc1)C(=O)OCCCCC,0.5980912769865883,
TR249,CN1CCN(CC1)CC(OCCn2c([N+]([O-])=O)cnc2C)=O,0.5601561465448093,
TE44,CCN(CC)Cc1cccc(c1)C(=O)OCN1C(=O)NC(C1=O)(c1ccccc1)c1ccccc1,0.4890851990166804,
TR61,CCOC(=O)c1ccc(cc1)N=NN(C)C(=O)NCCc1ccc(O)cc1,0.941055625603754,
TE55,NC1=Cc2n(COCCOC(c3cc(CN4CCCCC4)ccc3)=O)cnc2C(N1)=O,0.4119405606518588,
TR291,CCOC(=O)[C@H]1O[C@@H](Oc2cc3OC(=CC(=O)c3c(O)c2O)c4ccc(O)cc4)[C@H](O)[C@@H](O)[C@@H]1O,0.7091419811370635,
TE65,Cc1ncc(n1CCOC(=O)CN1CCCCC1)[N+]([O-])=O,0.5654006829731733,
TR19,NCc1ccc(cc1-c1cccc(c1)C(=O)OCc1ccccc1)C(=O)Nc1ccncc1,0.5870135587981861,
TR474,CC(C(=O)OCCC(=O)NCc1ccccc1)c1ccc(-c2ccccc2)c(F)c1,0.6326118879898214,
TR409,CCC(=O)N(c1ccccc1)C2(CCN(CCC(=O)OCCC(C)C)CC2)C(=O)OC,0.5111742538624212,
TR329,CC(C)OC(=O)C1=CC(NC(=O)C2=CC=CC(=C2)C2=C(CN)C=CC(=C2)C(=O)NC2=C(F)C=NC=C2)=CC=C1,0.5337600200199346,
TR62,CCOC(=O)c1ccc(cc1)N=NN(C)C(=O)NCCc1ccc(O)c(O)c1,0.8078760152011434,
TE93,C[C@H](C(=O)OCCn1ccnc1)c2ccc(c(F)c2)c3ccccc3,0.7502785558405847,
TE120,CCCOC(=O)C1=C(C)CS[C@@H]2[C@H](NC(=O)COc3ccccc3)C(=O)N12,0.6587245495580809,
TR30,COc1cc(NC(C)CCCNC(=O)Oc2ccc(Cl)cc2)c2ncccc2c1,0.5437864299669306,
TR378,CC(C)NCC(O)COC(=O)c1ccc(C)cc1,0.3877199407955062,
TE37,CC1(C)O[C@@H]2CC3C4C[C@H](F)C5=CC(=O)C=C[C@]5(C)[C@@]4(F)[C@@H](O)C[C@]3(C)[C@@]2(O1)SC1CCOC1=O,0.3535828945384631,
TE90,CCC[C@@H]1O[C@@H]2C[C@H]3[C@@H]4C[C@H](F)C5=CC(=O)C=C[C@]5(C)[C@@]4(F)[C@@H](O)C[C@]3(C)[C@@]2(O1)S[C@H]6CCOC6=O,0.3535828945384631,
EX20,CCOC(=O)C1(c2nc3c(OC)ccc(-c4ccc5c(c4)COC5=O)n3n2)CC1,0.4387519176227418,11.0
TR335,O=C(C1=CC(O)=C(C(O)=C1)O)OC2=C(OC)C=C(CCC)C=C2,0.6923172672604024,
TR450,CC[C@@]1(O)C(=O)OCC2=C1C=C3N(Cc4c3nc5ccc(O)cc5c4[Si](C)(C)CCCCl)C2=O,0.5887065780486835,
TE3,COCCOC(=O)c1cccc(c1)-c1cc(ccc1CN)C(=O)Nc1ccncc1,0.4460776069089019,
TR330,CC[C@H](C)OC(=O)C1=CC(NC(=O)C2=CC=CC(=C2)C2=C(CN)C=CC(=C2)C(=O)NC2=C(F)C=NC=C2)=C(F)C=C1,0.5453113001194643,
TE123,COC(=O)c1cc(N)c(Nc2ccc(C#N)cc2)cc1Oc1c(C)cc(/C=C/C#N)cc1C,0.9594885504219426,
TR445,COc1cc(C(C)C)c2C(=O)N(COC(=O)c3c(Cl)ccc(c3Cl)S(=O)(=O)N(C)CCN(C)C)S(=O)(=O)c2c1,0.6466765581467786,
TE112,CC(C)[C@H](NC(=O)c1ccc(cc1)C(=O)N2CCOCC2)C(=O)N3CCC[C@H]3C(=O)N\C(=C(\OC(=O)C)/C(F)(F)C(F)(F)F)\C(C)C,0.5078721712681064,
TE82,CN1C(CCCC(=O)OCCN2CCOCC2)=NC2=CC=C(C=C12)N(CCCl)CCCl,0.5519505861434911,
TR391,CC(C)NCC(COC1=CC=C(C=C1)CC(=O)OCS(=O)C)O,0.2068382731253776,
TR464,COc1cc(/C=C/C(=O)OCCCN(C)CCCCCOC(=O)c2cc(OC)c(OC)c(OC)c2)cc(OC)c1OC,0.5495217932815257,
TR115,CC(C)OC(=O)\C=C\[C@H](C[C@@H]1CCNC1=O)NC(=O)[C@H](Cc1ccc(F)c(F)c1)N1C=CC=C(NC(=O)c2cc(C)on2)C1=O,0.7728754505296989,
TR228,CC(C)C(=O)Oc1ccc2C[C@H]3N(CC4CC4)CC[C@@]56[C@@H](Oc1c25)C(=O)CC[C@@]36O,0.5065142011737471,
TR236,CN(C)CC(=O)OC[C@H]1O[C@H](C=C1)N2C=C(C)C(=O)NC2=O,0.5232222452737235,
TR8,C[C@@H](O)[C@@H]1[C@H]2[C@@H](C)C(S[C@@H]3CN[C@@H](C3)C(=O)N(C)C)=C(N2C1=O)C(=O)OCOC(=O)OC1CCCc2ccccc2C1,0.500852080482288,
TR90,OC[C@@H](O)[C@@H](O)[C@H](OC(=O)c1nn(Cc2cc(Cl)cc(Cl)c2)c2ccccc12)[C@H](O)CO,0.7324369669365997,
TR483,CCCCCOC(=O)C[C@H](NP(=O)(CO[C@H](CF)Cn1cnc2c(N)ncnc21)Oc1ccccc1)C(=O)OCCCCC,0.6147762515562274,
EX7,CC(C)OC(=O)[C@H](C)N[P@@](=O)(CO[C@H](C)Cn1cnc2c(N)ncnc21)Oc1ccc(C[C@H](NC(=O)OCc2ccccc2)C(=O)OC2CCCC2)cc1,0.7103666182334765,277.0
TR470,COc1cc(/C=C/C(=O)OC[C@H](C)CN(C)CCCCCOC(=O)c2cc(OC)c(OC)c(OC)c2)cc(OC)c1OC,0.5203679951075451,
TR339,OC1=CC(=CC(O)=C1O)C(=O)OC1=CC=C2C=CC(=O)OC2=C1,0.6708566911237536,
TE27,CC(=O)Oc1ccccc1C(=O)OCCCO[N+]([O-])=O,0.3032496133077109,
TR177,O=C(OCn1ncc2c1N=CNC2=O)c1cccc(Cn2ccnc2)c1,0.3447123488815876,
TR141,CC[C@@]1(O)C(=O)OCC2=C1C=C1N(Cc3cc4cc(O)ccc4nc13)C2=O,0.482975304248936,
TR319,CC(CN1CCCC1)OC(=O)CCCC1=NC2=CC=C(C=C2N1C)N(CCCl)CCCl,0.5472321207316967,
TR44,COc1ccc2n(C(=O)c3ccc(Cl)cc3)c(C)c(CC(=O)OCc3ccc(OC(=O)OCCC(C)(C)C)cc3)c2c1,0.7545213445228346,
TR43,COCCOc1nc2N(Cc3cccc(CC(=O)OC)c3)C(=O)Nc2c(N)n1,0.2651959392387734,
TR74,CC(=O)Oc1ccccc1C(=O)O[C@H]1CO[C@@H]2[C@@H](CO[C@H]12)OC(=O)C1CC1,0.2279970166547961,
TR168,C[C@H]1CC2C3CC[C@](O)(C(=O)COC(=O)c4cccc(CN(C)CCN(C)C)c4)C3(C)CC(O)C2C2(C)C=CC(=O)C=C12,0.480214653165945,
TR332,COC(=O)C1=CC(C(=O)NC2=CC=CC(=C2)C2=C(CN)C=CC(=C2)C(=O)NC2=C(F)C=NC=C2)=C(F)C=C1,0.5711356316212916,
TR67,CC(=O)Oc1ccccc1C(=O)O[C@H]1CO[C@@H]2[C@@H](CO[C@H]12)OC(=O)c1ccc(C)cc1,0.3020936365788075,
TR12,NCc1ccc(cc1-c1cccc(c1)C(=O)OCC1CCC1)C(=O)Nc1ccncc1F,0.4528165877490254,
TR376,CC(C)NCC(O)COC(=O)c1cccc(F)c1,0.4119405606518588,
TE29,CC(=O)Oc1ccccc1C(=O)OCCN(CCO[N+]([O-])=O)CCO[N+]([O-])=O,0.2448919471943151,
TR355,C[C@@H](C(=O)OCC(=O)N(C)C)c1ccc(c(F)c1)c2ccccc2,0.2448919471943151,
TR209,COC(=O)[C@H](Cc1ccc(OC(=O)C)c(OC(=O)C)c1)NC(=O)CC(=O)N[C@@H](Cc2ccc(OC(=O)C)c(OC(=O)C)c2)C(=O)OC,0.4218569870525492,
TR422,Oc1c(CN2CCCC2)cc(CC(=O)OCc3ccc(cc3)[N+](=O)[O-])cc1CN4CCCC4,0.3904805918784972,
TE13,CC(C)(C)CCOC(=O)Oc1ccc(COC(=O)Cc2ccccc2Nc2c(Cl)cccc2Cl)cc1,0.7317277472945768,
TE9,CCOC(=O)c1ccc(cc1)N=NN(C)C(=O)[C@H](Cc1ccc(O)cc1)NC(C)=O,0.722305118878024,
TR396,CC(NCC(COc1ccc(CC(OC2CC3CC(C3(C)C)C2C)=O)cc1)O)C,0.7037288908311176,
TR84,CCOC(=O)C(CC(C)C)NC(=O)C1CCn2c1ccc2C(=O)c1ccccc1,0.5831232370088348,
TR404,CCOC(=O)CCN1CCC(CC1)(N(C(=O)CC)c2ccccc2)C(=O)OC,0.540879102297877,
TR322,NCC1=C(C=C(C=C1)C(=O)NC1=C(F)C=NC=C1)C1=CC(=CC=C1)C(=O)NC1=CC=C(CC(=O)OC2CCC2)C=C1,0.3877199407955062,
TR410,CCCCCCOC(=O)CCN1CCC(CC1)(N(C(=O)CC)c2ccccc2)C(=O)OC,0.6413292175822528,
TR80,CC(=O)Oc1ccccc1C(=O)O[C@H]1CO[C@@H]2[C@@H](CO[C@H]12)OC(=O)c1snnc1C,0.1575913593239581,
TR24,COC(=O)c1ccc(cc1)N=NN(C)C(=O)[C@H](Cc1ccc(O)cc1)NC(C)=O,0.6682659540398969,
TR363,C[C@@H](C(=O)OCCn1ccnc1)c2ccc(c(F)c2)c3ccccc3,0.480214653165945,
TR347,CC(=O)NC1=CC=C(OC(=O)COC(=O)CC2=C(NC3=C(Cl)C=CC=C3Cl)C=CC=C2)C=C1,0.6820990082524816,
TR205,CN(Cc1cc(C(OCCOCn2c3c(C(NC(N)=C3)=O)nc2)=O)ccc1)C,0.4006982435231307,
TR250,CCOC(=O)c1ccc(cc1)N=NN(C)C(=O)OCOC(=O)c2ccccc2,0.561020403759558,
TR333,COC(=O)C1=CC(=CC=C1)C(=O)NC1=CC=CC(=C1)C1=C(CN)C=CC(=C1)C(=O)NC1=C(F)C=NC=C1,0.5870135587981861,
TR292,COC(=O)[C@@H](C)c1ccc2cc(OC)ccc2c1,0.7214568264195574,
TR354,CCN(CC)C(=O)COC(=O)[C@H](C)c1ccc(CC(C)C)cc1,0.2368675625055316,
TR138,CC(=O)Nc1ccc(OC(=O)NCC(O)COc2cc(C)cc(C)c2)cc1,0.5573592915307666,
TR282,Cc1n(CCOC(CN2CCN(c3ccccc3)CC2)=O)c([N+]([O-])=O)cn1,0.6517044587722626,
TR248,CCCN(CCC)S(=O)(=O)c1ccc(cc1)C(=O)OCN(CC(=O)OCC)C(=O)c2ccccc2,0.5592097465956838,
TR210,CCN(CC)C(=O)COC(=O)[C@H]1O[C@@H](Oc2cc3OC(=CC(=O)c3c(O)c2O)c4ccc(O)cc4)[C@H](O)[C@@H](O)[C@@H]1O,0.4307275329032847,
TR221,Cc1ncc([N+](=O)[O-])n1CCOC(=O)CCCCC(=O)OCCn2c(C)ncc2[N+](=O)[O-],0.4744059836421437,
TR10,CC(C)OCCOC(=O)c1cccc(c1)-c1cc(ccc1CN)C(=O)Nc1ccncc1F,0.3877199407955062,
TR23,NCc1ccc(cc1-c1cccc(c1)C(=O)OCC1CCCCC1)C(=O)Nc1ccncc1,0.6237413423329459,
TR381,CC(C)(C)NCC(O)COC(=O)c1ccccc1,0.3772756612235385,
EX12,O=C(CCCCC1CCSS1)NCCOC(=O)Cc1ccc(O)c(O)c1,0.591869696750087,67.8
TR382,CC(C)(C)NCC(O)COC(=O)c1ccccc1F,0.2764382563675014,
TR85,CCOC(=O)C(C)NC(=O)C1CCn2c1ccc2C(=O)c1ccccc1,0.5804497961598468,
TR305,CCOC(=O)CNC(=O)OCN(c1ccc(cc1Oc2ccccc2)[N+](=O)[O-])S(=O)(=O)C,0.8144827222817049,
TR489,CCOC(=O)C1(NP(=O)(OC[C@H]2O[C@@H](c3cnc4c(N)ncnn34)[C@](C)(F)[C@@H]2O)Oc2ccccc2)CCC1,0.7844786438091214,
TR204,FC1=CN([C@H]2C[C@H](OC(=O)[C@@H]3CCCN3)[C@@H](COC(=O)[C@@H]4CCCN4)O2)C(=O)NC1=O,0.3877199407955062,
TR197,COC(=O)[C@@H]1CCCN1C(=O)OCOC(=O)c2ccccc2,0.3418580987154091,
TR353,CCCCCCCCCC(=O)OCC1=C(C)N=C(CO)C(C)=N1,0.6517044587722626,
TR94,CC(C)[C@H](N)C(=O)OCCOP(=O)(COCCn1cnc2c(N)ncnc12)OCCOC(=O)[C@@H](N)C(C)C,0.639937577306655,
TR269,COC(=O)[C@H](Cc1ccc(OC(=O)C)c(OC(=O)C)c1)NC(=O)C(=O)N[C@@H](Cc2ccc(OC(=O)C)c(OC(=O)C)c2)C(=O)OC,0.6088999846116281,
TR336,O=C(OC1=CC=C2OCOC2=C1)C3=CC(O)=C(O)C(O)=C3,0.6820990082524816,
TR341,CC(C)C1CCC(C)CC1OC(=O)C1=CC(O)=C(O)C(O)=C1,0.6647663893954973,
TE95,CC(C)(C)NCC(O)COC(=O)c1ccc(O)cc1,0.575771241669458,
TR29,CSc1nc(N(C(=O)OCCN2CCN(C)CC2)c2cccc(Br)c2)c2cnn(CC(C)c3ccccc3)c2n1,0.6799456347706399,
TR185,Cc1ncc(n1CCOC(=O)c1ccc(CN2CCOCC2)cc1)[N+]([O-])=O,0.15972292414071,
TE24,CCOC(=O)CNC(=O)C1CCn2c1ccc2C(=O)c1ccccc1,0.5453113001194643,
TR179,CN1CCN(Cc2ccc(cc2)C(=O)OCCn2c(C)ncc2[N+]([O-])=O)CC1,0.3105753026245446,
TR154,C[C@@]1(C[C@](C)(OC(=O)CNCCNCCC2CCCCC2)[C@@](C)(CO)O1)N1C=C(Br)C(=O)NC1=O,0.5615560937201386,
TR76,CC(=O)Oc1ccccc1C(=O)O[C@H]1CO[C@@H]2[C@@H](CO[C@H]12)OC(=O)c1ccccc1C,0.2211800438161219,
TR368,COC(=O)[C@H](Cc1ccc(O)c(O)c1)NC(=O)CCCC[C@@H]2CCSS2,0.6227145940173294,
TR93,CCC(C)[C@@H](C(OCCOP(COCCn(cn1)c2c1c(N)ncn2)(OCCOC([C@H](C(C)CC)N)=O)=O)=O)N,0.7082116698207411,
TR364,CC(C)Cc1ccc(cc1)[C@@H](C)C(=O)OCCn2ccnc2,0.4847666977414118,
TR69,CC(=O)Oc1ccccc1C(=O)O[C@H]1CO[C@@H]2[C@@H](CO[C@H]12)OC(=O)c1ccc(cc1)[N+]([O-])=O,0.2627554112573599,
TR327,CC[C@H](C)OC(=O)CC1=CC=C(NC(=O)C2=CC=CC(=C2)C2=C(CN)C=CC(=C2)C(=O)NC2=C(F)C=NC=C2)C=C1,0.4754023539065388,
TR345,ONC(=O)C(CC1=CC=CC=C1)NC(=O)OCC1=CC=CC=C1,0.7555938726766005,
TE66,Cc1ncc(n1CCOC(=O)CN1CCOCC1)[N+]([O-])=O,0.5704818002929911,
TR189,CCOC(=O)CN(C)C(=O)OCOC(=O)c1ccccc1,0.1618018524860194,
TR16,CCCCOC(=O)c1cccc(c1)-c1cc(ccc1CN)C(=O)Nc1ccncc1,0.497109583705464,
TE71,CCCCC(=O)OCOC(=O)Cc1c(C)n(C(=O)c2ccc(Cl)cc2)c3ccc(OC)cc13,0.6426982283896461,
TR258,CN(CC(=O)[O-])C(=O)[C@@H]([NH3+])CCC(=O)OCCN1C=C(C)C(=O)NC1=O,0.5833845972761853,
TR237,CCC(=O)OC1=C(Oc2cc(O)cc(O)c2C1=O)c3ccc(O)c(O)c3,0.5265243278680385,
TR232,CCN(CC)C(=O)C(CC1=CC=CC=C1)NC(=O)OCOC(=O)CC1=CC=CC=C1NC1=C(Cl)C=CC=C1Cl,0.5140392971824517,
TR89,CCOC(=O)C(Cc1ccccc1)NC(=O)C1CCn2c1ccc2C(=O)c1ccccc1,0.5143516994229881,
TE48,CN1CCN(Cc2cccc(c2)C(=O)OCCn2c(C)ncc2[N+]([O-])=O)CC1,0.1938599703977531,
TR118,C[C@H]1[C@@H]2[C@H](CCN2C(=O)OCc2ccccc2)N(C(=O)C2C(C)(C)C2(C)C)C1=O,0.8759589786502348,
TR471,COc1cc(/C=C/C(=O)OC[C@@H](C)CN(C)CCCCCOC(=O)c2cc(OC)c(OC)c(OC)c2)cc(OC)c1OC,0.480214653165945,
TE60,CC1=CN([C@@H]2O[C@H](COC(=O)CN3CCNCC3)C=C2)C(=O)NC1=O,0.4890851990166804,
TR34,CCC1(CC)N[C@@H](Cc2ccc(O)c(O)c2)C(=O)N1CC(=O)OC,0.5620883967531763,
TR239,CN(C)Cc1ccc(cc1)C(=O)OCCOCn2cnc3C(=O)NC(=Nc23)N,0.531246629962507,
EX19,COc(ccc1c2cc(C#N)ccc2)c3n1nc(C4(COC(C(C)C)=O)CC4)n3,0.5174135756224049,28.0
TR260,CCCC(=O)OC1=C(Oc2cc(O)cc(O)c2C1=O)c3ccc(O)c(O)c3,0.5856876680701485,
TR423,Oc1c(CN2CCCC2)cc(CC(=O)OCc3occc3)cc1CN4CCCC4,0.3140122008703532,
TR245,O=C(OCN(C(=O)c1ccccc1)c2ccccc2)c3ccccc3,0.5474428649362162,
TR406,CCC(=O)N(c1ccccc1)C2(CCN(CCC(=O)OCC(C)C)CC2)C(=O)OC,0.415040014213875,
TE121,COc1cc(/C=C/C(=O)OC[C@@H](C)CN(C)CCCOC(=O)c2cc(OC)c(OC)c(OC)c2)cc(OC)c1OC,0.5203679951075451,
TR311,FCC1(CC(=O)OOCC2=C(F)C=C(F)C=C2)CCOC(=O)O1,0.2368675625055316,
TR117,C[C@H]1[C@@H]2[C@H](CCN2C(=O)OCc2ccccc2)N(C1=O)c1ccc(cc1)[N+]([O-])=O,0.8921552138178039,
TR229,CCC(C(OCC1=CC=CC=C1)=O)C(CC2=CN=CN2C)COC(C3=CC=CC(Cl)=C3)=O,0.5078721712681064,
TR357,CC(C)Cc1ccc(cc1)[C@@H](C)C(=O)OCC(=O)N(C)C,0.2710046087625747,
TR293,CCC(=O)O[C@@]1(CC[C@H]2[C@@H]3CCC4=CC(=O)CC[C@]4(C)[C@H]3[C@@H](O)C[C@]12C)C(=O)OCCl,0.7219880099112662,
TR394,CC(C)NCC(O)COc1ccc(CC(=O)O[C@@H]2CC3CCC2C3)cc1,0.5352328094975609,
TR145,C/C=C/C/C=C/C/C=C/CCCCCCCCC(OCC1OC(N2C=C(C(NC2=O)=O)C)C=C1)=O,0.5815799111932594,
TE19,CC(=O)Oc1ccccc1C(=O)O[C@H]1CO[C@@H]2[C@@H](CO[C@H]12)OC(=O)c1cccc(O)c1,0.2279970166547961,
TE92,CC(C)Cc1ccc(cc1)[C@H](C)C(=O)OCCn2ccnc2C,0.6498540037073454,
TE88,CCCCCCCCCC(=O)OCC1=NC(C)=C(COC(=O)CCCCCCCCC)N=C1C,0.7024030002969399,
TR444,CC(C)c1cccc2c1C(=O)N(COC(=O)c3c(Cl)ccc(OCCN4CCOCC4)c3Cl)S2(=O)=O,0.4890851990166804,
TR437,COc1cc(C(C)C)c2C(=O)N(COC3=C(Cc4ccccc4)C(=O)OC3)S(=O)(=O)c2c1,0.5787256612209407,
TR47,COc1ccc2cc(ccc2c1)[C@H](C)C(=O)OCc1ccc(OC(=O)OCCC(C)(C)C)cc1,0.6498540037073454,
TR262,OC(CC(C(OC[C@H]1O[C@H](C[C@@H]1OC(C(N)CC(O)=O)=O)N2C=C(F)C(NC2=O)=O)=O)N)=O,0.5883188922272429,
TR196,CCC(C(OCC1=CC=CC=C1)=O)C(CC2=CN=CN2C)COC(CCC)=O,0.3293622748759704,
EX26,COc1ccc(-c2ccc3c(c2)COC3=O)n2nc(C3(C(=O)OC4CCOCC4)CC3)nc12,0.4307275329032847,10.0
TE42,CCN(CC)Cc1ccc(cc1)C(=O)OCC(=O)[C@@]1(O)CCC2C3CCC4=CC(=O)CCC4(C)C3C(O)CC12C,0.630283841634292,
TR108,CCOC(=O)\C=C\[C@H](CC(C)C)NC(=O)[C@H](CO)NC(=O)[C@@H](NC(=O)C1=CCCN(C1)C(=O)OC(C)(C)C)C(C)C,0.6609402647230631,
TR412,C[C@@]12[C@](C(OC(C)C)=O)(OC(C(Cl)Cl)=O)CC[C@@]1([H])[C@]3([H])CCC4=CC(C=C[C@]4(C)[C@@]3([H])[C@@H](O)C2)=O,0.6302051203345327,
TR469,COc1cc(/C=C/C(=O)OCCCN(C)C[C@@H](C)COC(=O)c2cc(OC)c(OC)c(OC)c2)cc(OC)c1OC,0.5727093655363837,
TE77,CC(C)C[C@H]1NC(=O)[C@H](Cc2ccccc2)NC(=O)CNC(=O)[C@@H](C)NC(=O)[C@H](Cc2ccc(O)cc2)NC(=O)\C=C\c2ccccc2OCOC1=O,0.7091419811370635,
TE81,CC(O)(CCOC(O)=O)CC(=O)NCC1=C(F)C(F)=C(F)C(F)=C1F,0.4890851990166804,
TR303,CCOC(=O)C(N)CC1=CC=C(O)C(O)=C1,0.7964425690074205,
TR496,O=C(O[C@H]1C[C@H](n2cc(F)c(=O)[nH]c2=O)O[C@@H]1CO)c1ccc([N+](=O)[O-])cc1,0.8095769278480556,
TR350,CCCCCCCCCCCCCCCC(=O)OCC1=C(C)N=C(CO)C(C)=N1,0.6820990082524816,
TR150,CC1=CN([C@H]2C[C@H](N=[N+]=[N-])[C@@H](COC(=O)C(N)Cc3ccccc3)O2)C(=O)NC1=O,0.4890851990166804,
TR125,COC(=O)N1[C@H]2CCN([C@@H]2[C@H](C)C1=O)C(=O)OCc1ccccc1,0.5662298371876421,
TE16,CC(=O)Oc1ccccc1C(=O)O[C@H]1CO[C@@H]2[C@@H](CO[C@H]12)OC(=O)c1ccccc1OC(=O)c1ccccc1,0.3602570871826198,
TE89,CCN(CC)C(=O)COC(=O)[C@H](C)c1ccc(c(F)c1)c2ccccc2,0.2710046087625747,
TR186,CCN(CC)Cc1cccc(c1)C(=O)OCn1cnc2N(C)C(=O)N(C)C(=O)c12,0.15972292414071,
TR383,CC(C)(C)NCC(O)COC(=O)c1ccccc1Cl,0.3877199407955062,
TE10,CC(C)(C)C(=O)OC1=COC(CSc2nc3ccccc3s2)=CC1=O,0.4372070610581665,
EX17,COc1ccc(-c2cccc3c2COC3=O)n2nc(C3CC3)nc12,0.4648645791711221,15.0
TE101,CCC(=O)N(c1ccccc1)C2(CCN(CCC(=O)OCC(C)(C)C)CC2)C(=O)OC,0.5908703697591945,
TR143,CCCCCCCCCCCCCCCC(=O)OCC1OC(C=C1)N1C=C(C)C(=O)NC1=O,0.6982952434200508,
TR142,CC[C@@]1(O)C(=O)OCC2=C1C=C1N(Cc3cc4ccccc4nc13)C2=O,0.4356333271430742,
TR358,CCN(CC)C(=O)COC(=O)[C@@H](C)c1ccc(c(F)c1)c2ccccc2,0.3173142834646681,
TR20,COC(=O)c1cccc(c1)-c1cc(ccc1CN)C(=O)Nc1ccncc1F,0.5883188922272429,
TR173,CCN(CC)CCN(CC)Cc1cccc(c1)C(=O)OCC(=O)[C@@]1(O)CCC2C3CCC4=CC(=O)CCC4(C)C3C(O)CC12C,0.4119405606518588,
TR13,NCc1ccc(cc1-c1cccc(c1)C(=O)OCC1CCCC1)C(=O)Nc1ccncc1F,0.4754023539065388,
TR26,CN(N=Nc1ccc(cc1)C(C)=O)C(=O)[C@H](Cc1ccc(O)cc1)NC(=O)OC(C)(C)C,0.7714751301739264,
TE40,CC(=O)Nc1ccc(OC(=O)Nc2cc(ccc2O)C(=O)c2ccccc2)cc1,0.4323947619926203,
TR170,CCN(CC)CCN(CC)Cc1cccc(c1)C(=O)Oc1ccc(NC(C)=O)cc1,0.4648645791603278,
TR426,Oc1c(CN2CCCC2)cc(CC(=O)OCCOc3ccccc3)cc1CN4CCCC4,0.3140122008703532,
TR365,C[C@@H](C(=O)OCCn1ccnc1C)c2ccc(c(F)c2)c3ccccc3,0.5431243638548076,
TR299,CC(C)C[C@@H]1NC(=O)[C@H](Cc2ccccc2)NC(=O)CNC(=O)[C@@H](C)NC(=O)[C@H](Cc2ccc(O)cc2)NC(=O)\C=C\c2ccccc2OCOC1=O,0.7573516049053963,
TR389,CC(C)NCC(COC1=CC=C(C=C1)CCC(=O)OC)O,0.5114974492568096,
TR273,CCOC(=O)[C@@H](N)Cc1ccc(O)c(O)c1,0.6245875033010378,
TR155,C[C@]1(O)C[C@@](C)(O[C@]1(C)COC(=O)CNCCNCCC1CCCCC1)N1C=C(Br)C(=O)NC1=O,0.513410993335053,
TR127,CCC[C@@H]1O[C@@H]2CC3C4C[C@H](F)C5=CC(=O)CC[C@]5(C)[C@@]4(F)[C@@H](O)C[C@]3(C)[C@@]2(O1)S[C@@H]1CCOC1=O,0.372369866789889,
TR421,CC(C)COC(=O)CCCc1cc(CN2CCCC2)c(O)c(CN3CCCC3)c1,0.2935243157781552,
TR288,CC1=CN([C@@H]2O[C@H](COC(=O)CN3CCN(CC3)c4cc5N(C=C(C(=O)O)C(=O)c5cc4F)C6CC6)C=C2)C(=O)NC1=O,0.6982952434200508,
TR114,CC[C@H](N1C=CC=C(NC(=O)c2cc(C)on2)C1=O)C(=O)N[C@@H](C[C@@H]1CCNC1=O)\C=C\C(=O)OCc1ccccc1,0.6587245495580809,
TR334,CC(C)OC(=O)CC1=CC=C(NC(=O)C2=CC=CC(=C2)C2=C(CN)C=CC(=C2)C(=O)NC2=C(F)C=NC=C2)C=C1,0.6193780698729537,
TR174,CCN(CC)Cc1cccc(c1)C(=O)OCC(NC(=O)C(Cl)Cl)C(O)c1ccc(cc1)[N+]([O-])=O,0.4119405606518588,
TR58,COC(=O)\C=C\[C@H](CC(C)C)NC(=O)CC[C@H](NC(=O)[C@H](CC(C)C)NC(=O)[C@H](CC(C)C)C(=O)NC(=O)[C@@H](N)CO)C(N)=O,0.6119872160779506,
TR449,CCc1c2CN3C(=O)C4=C(C=C3c2nc5ccc(O)cc15)[C@@](O)(CC)C(=O)OC4,0.5286558926847903,
TR223,CCC(C(OCC1=CC=C(C=C1)Cl)=O)C(CC2=CN=CN2C)COC(C3=CC=CC=C3)=O,0.4754023539065388,
TR281,COC(=O)C(N)CC1=CC=CC=C1,0.6466765581467786,
TR18,NCc1ccc(cc1-c1cccc(c1)C(=O)OCC1CCCC1)C(=O)Nc1ccncc1,0.5259828963567146,
TE100,CCC(C)OC(=O)CCN1CCC(CC1)(N(C(=O)CC)c2ccccc2)C(=O)OC,0.6025825986096675,
TR323,NCC1=C(C=C(C=C1)C(=O)NC1=C(F)C=NC=C1)C1=CC(=CC=C1)C(=O)NC1=CC=C(CC(=O)OC2CCCC2)C=C1,0.4006982435231307,
TR256,CCCN(Cc1ccc(C(OCCOCn2c3c(C(NC(N)=C3)=O)nc2)=O)cc1)CCC,0.5772614101118506,
TR501,CC[C@@H](C)OC(=O)[C@H](C)N[P@@](=O)(OC[C@H]1O[C@@H](n2ccc(=O)[nH]c2=O)C(Cl)(Cl)[C@@H]1O)Oc1ccccc1,0.4387519175920682,
TE125,O=C(O[C@H]1C[C@H](n2cc(F)c(=O)[nH]c2=O)O[C@@H]1CO)c1cncc(C(=O)O[C@H]2C[C@H](n3cc(F)c(=O)[nH]c3=O)O[C@@H]2CO)c1,0.7203842982657915,
TE118,CC(C)c1cc(cc2c1C(=O)N(COC(=O)c3c(Cl)cccc3Cl)S2(=O)=O)N4CCN(C)CC4,0.6326118879898214,
TE73,COC1=CC=C(CCOC(=O)C(N)CC2=CC=C(O)C(O)=C2)C=C1,0.6692623243042919,
TR95,CC(=O)Oc1ccccc1C(=O)OCC(=O)N(CCO[N+]([O-])=O)CC[N+]([O-])=O,0.3891115810711039,
TR181,CN1CCN(Cc2cccc(c2)C(=O)OCN2C(O)Oc3ccc(Cl)cc23)CC1,0.2909067273436587,
TR302,CC(OC(C(CC1=CC=C(O)C=C1)N)=O)C,0.7795476384679015,
TR454,CC(C)c1cccc2c1C(=O)N(COC(=O)c3c(Cl)cccc3Cl)S2(=O)=O,0.5232222452737235,
TR405,CCCCOC(=O)CCN1CCC(CC1)(N(C(=O)CC)c2ccccc2)C(=O)OC,0.4307275329032847,
TE86,O=C(NC(CC1=CC=CC=C1)C(=O)NNC(=O)C1=CC=CC=C1)OCC1=CC=CC=C1,0.7745937206229204,
TR384,CC(C)(C)NCC(O)COC(=O)c1ccc(F)cc1,0.4424944143688922,
TR6,C[C@@H](O)[C@@H]1[C@H]2[C@@H](C)C(S[C@@H]3CN[C@@H](C3)C(=O)N(C)C)=C(N2C1=O)C(=O)OCOC(=O)OC1Cc2ccccc2C1,0.3596717386336019,
TR46,CC(C)Cc1ccc(cc1)C(C)C(=O)OCc1ccc(OC(=O)OCCC(C)(C)C)cc1,0.6846123983099092,
TR362,CC(=O)Oc1ccc(CCNC(=O)CCCC[C@@H]2CCSS2)cc1OC(=O)C,0.433216156961774,
TR478,C/C(=C\CCP(=O)(OCOC(=O)C(C)(C)C)OCOC(=O)C(C)(C)C)CO,0.416048317528748,
TR468,COc1cc(/C=C/C(=O)OC[C@H](C)CN(C)CCCOC(=O)c2cc(OC)c(OC)c(OC)c2)cc(OC)c1OC,0.6378060124899031,
EX5,O=C(CCCc1cn(CCOCCOCCOc2cc(O)c(C(=O)CCc3ccc(O)cc3)c(O)c2)nn1)OCn1cc(F)c(=O)[nH]c1=O,0.6894246975985747,216.0
TE96,CC(C)NCC(O)COc1ccc(CC(=O)OCC(=O)OC2CCCCC2)cc1,0.3634993211330135,
TR284,CCOC(=O)CN(COC(=O)Cc1ccccc1Nc2c(Cl)cccc2Cl)C(=O)c3ccccc3,0.6652040779068227,
TR446,COc1cc(C(C)C)c2C(=O)N(COC(=O)c3c(Cl)ccc(c3Cl)S(=O)(=O)N4CCN(C)CC4)S(=O)(=O)c2c1,0.6157169574503024,
TR286,C[C@H](NC(=O)[C@H](N)CC(=O)OCc1ccccc1)C(=O)O,0.6874528904278485,
TR371,CN1CCC23C4OC5=C2C(CC1C3C=CC4O)=CC=C5OC(=O)C(C)(C1=CC=CC=C1)C1=CC=CC=C1,0.9212319714579686,
TR27,CC(C)(C)C(=O)OC1=CN(C(CSc2nc3cc(ccc3o2)C(O)=O)=CC1=O)c1ccccc1,0.530991114379404,
TE12,COc1cc(NC(C)CCCNC(=O)Oc2ccccc2)c2ncccc2c1,0.6898135773743137,
TR264,COc1ccc2cc(ccc2c1)[C@H](C)C(=O)OCN(C)C(=O)c3ccccc3,0.5969299851988765,
TR51,CCOC(=O)c1ccc(cc1)N=NN(C)C(=O)[C@H](C)NC(C)=O,0.7100621248856583,
TR230,CCN(Cc1ccc(C(OCCOCn2c3c(C(NC(N)=C3)=O)nc2)=O)cc1)CC,0.5078721712681064,
TR38,CCCCOc1nc2N(Cc3ccc(CC(=O)OC)cc3)C(=O)Nc2c(N)n1,0.4967260189592739,
TR158,CC12CC(O)C3C(CCC4=CC(=O)CCC34C)C1CC[C@]2(O)C(=O)COC(=O)c1ccc(CN2CCOCC2)cc1,0.6175674125152195,
TR238,CC(C)CC(=O)Oc1ccc2C[C@H]3N(CC4CC4)CC[C@@]56[C@@H](Oc1c25)C(=O)CC[C@@]36O,0.5297017734286052,
TE126,CC[C@H](C)OC(=O)[C@H](C)N[P@@](=O)(OC[C@H]1O[C@@H](n2ccc(=O)[nH]c2=O)C(Cl)(Cl)[C@@H]1O)Oc1ccccc1,0.4387519175920682,
TE49,CCCCCC(OCC(CC1=CN=CN1C)C(CC)C(OCC2=CC=CC=C2)=O)=O,0.3535828945384631,
TR427,Oc1c(CN2CCCC2)cc(CC(=O)OCC3CCCCO3)cc1CN4CCCC4,0.3373866595647539,
TR195,CCCCN(CCCC)Cc1cccc(c1)C(=O)OCCOCn2cnc3C(=O)NC(=Nc23)N,0.3069921100845349,
TE51,CCOC(=O)CNC(=O)OCOC(=O)Cc1ccccc1Nc2c(Cl)cccc2Cl,0.357087119770411,
TR399,CSC[C@H](OC(=O)[C@H](C)CS)C(=O)O,0.4590559096365265,
EX4,O=C(CCCCCN1C(=O)CC(SCCOCCOCCOc2cc(O)c(C(=O)CCc3ccc(O)cc3)c(O)c2)C1=O)OCn1cc(F)c(=O)[nH]c1=O,0.5627929390146448,48.0
TE124,CCOC(=O)C(C)(C)NP(=O)(OC[C@H]1O[C@@H](c2cnc3c(N)ncnn23)[C@](C)(F)[C@@H]1O)Oc1ccccc1,0.7532525449744992,
TR68,CCOc1cc(OCC)cc(c1)C(=O)O[C@@H]1CO[C@@H]2[C@H](CO[C@H]12)OC(=O)c1ccccc1OC(C)=O,0.2815423835087857,
TE38,C[C@@H](NC1=Nc2ccc(NC(=O)OC(C)(C)C)c(C)c2C(=O)O1)c1ccccc1,0.5232222452737235,
TR169,CN1CCN(Cc2cccc(c2)C(=O)OCC(=O)[C@@]2(O)CCC3C4CCC5=CC(=O)CCC5(C)C4C(O)CC23C)CC1,0.4648645791603278,
TE39,COc1ccccc1OCC(O)CNC(=O)Oc1ccc(NC(C)=O)cc1,0.5801648811306531,
TR163,C[C@H]1CC2C3CC[C@](O)(C(=O)COC(=O)c4cccc(CN5CCN(C)CC5)c4)C3(C)CC(O)C2C2(C)C=CC(=O)C=C12,0.5203679951075451,
TR310,CCOC(=O)CN(C)C(=O)OCN(c1ccc(cc1Oc2ccccc2)[N+](=O)[O-])S(=O)(=O)C,0.9095271558127636,
TR194,CCOC(=O)CNC(=O)OCOC(=O)C(C)(C)Oc1ccc(Cl)cc1,0.2780022451357418,
TR425,Oc1c(CN2CCCC2)cc(CC(=O)OCc3c(F)c(F)c(F)c(F)c3F)cc1CN4CCCC4,0.4387519175920682,
TR366,COC(=O)[C@H](Cc1ccc(OC(=O)C)c(OC(=O)C)c1)NC(=O)CCCC[C@@H]2CCSS2,0.5708173238244769,
TR441,CC(C)[C@H](NC(=O)c1ccc(cc1)C(=O)N2CCOCC2)C(=O)N3CCC[C@H]3C(=O)N\C(=C(/OC(=O)C)\C(F)(F)C(F)(F)F)\C(C)C,0.5474428649362162,
TR153,CCNCCNCC(=O)O[C@@]1(C)C[C@@](C)(O[C@]1(C)CO)N1C=C(Br)C(=O)NC1=O,0.5945582139208839,
TR457,CCN1C=CCC(=C1)C(=O)OCCN(CCCl)CCCl,0.5431243638548076,
TR413,C[C@@]12[C@](C(OCCl)=O)(OC(C(Cl)Cl)=O)CC[C@@]1([H])[C@]3([H])CCC4=CC(C=C[C@]4(C)[C@@]3([H])[C@@H](O)C2)=O,0.4432233567427234,
TR227,CCC(C(OCC1=CC=C(C=C1)C)=O)C(CC2=CN=CN2C)COC(C)=O,0.5044352730222976,
TE31,CCN(CCO[N+]([O-])=O)C(=O)COC(=O)c1ccccc1OC(C)=O,0.2368675625055316,
TE22,CCOC(=O)C(NC(=O)C1CCn2c1ccc2C(=O)c1ccccc1)C(C)C,0.5453113001194643,
TR104,CC(=O)OC12COC1CC(O)C1(C)C2C(OC(=O)c2ccccc2)C2(O)CC(OC(=O)C(OC(=O)CC(O)C([O-])=O)C(NC(=O)OC(C)(C)C)c3ccccc3)C(C)=C(C(O)C1=O)C2(C)C,0.6740746235636982,
TR481,CC(C)[C@@H]1NC(=O)C/C=C/c2cc3cc(ccc3cn2)[C@@H](C)OC(=O)[C@@H]2CCCN(N2)C(=O)[C@H](C)NC1=O,0.769480734274849,
TR75,COc1cccc(c1)C(=O)O[C@@H]1CO[C@@H]2[C@H](CO[C@H]12)OC(=O)c1ccccc1OC(C)=O,0.22318471758925,
TR116,C[C@H]1[C@@H]2[C@H](CCN2C(=O)OCc2ccccc2)N(C1=O)c1nccs1,0.9001795985065875,
EX3,CCC(=O)N[C@H]1Cc2cccc(C(=O)OCOC(=O)C(CC)CC)c2OB1O,0.4364238711755136,10.7
TR120,C[C@H]1[C@@H](C)[C@H]1C(=O)N1[C@H]2CCN([C@@H]2[C@H](C)C1=O)C(=O)OCc1ccccc1,0.7737389689441002,
TE87,CCCCCCCCCCCC(=O)OCC1=NC(C)=C(COC(=O)CCCCCCCCCCC)N=C1C,0.7555938726766005,
TR504,CC(C)OC(=O)[C@H](C)N[P@@](=O)(OC[C@H]1O[C@@H](n2ccc(=O)[nH]c2=O)C(Cl)(Cl)[C@@H]1O)Oc1cccc(C2(C)CC2)c1,0.4119405606518588,
TR208,NC1=Nc2c(ncn2COCCOC(=O)c3cccc(CN4CCCCC4)c3)C(=O)N1,0.4170446879870031,
TR408,CCC(C)COC(=O)CCN1CCC(CC1)(N(C(=O)CC)c2ccccc2)C(=O)OC,0.4460776069089019,
TR434,[H]C(C)(C)C(=O)OC1=CC=C2C[C@@]3([H])N(CC4([H])CC4)CC[C@]45C2=C1O[C@@]4([H])[C@]1(CC[C@@]35C[C@]1([H])[C@](C)(O)C(C)(C)C)OC,0.7063196281088343,
TR418,CCCCOC(=O)CCc1cc(CN2CCCC2)c(O)c(CN3CCCC3)c1,0.4974914089461396,
TR497,CC(=O)Oc1ccccc1C(=O)O[C@H]1C[C@H](n2cc(F)c(=O)[nH]c2=O)O[C@@H]1CO,0.8410530474987797,
TR9,C[C@@H](O)[C@@H]1[C@H]2[C@@H](C)C(S[C@@H]3CN[C@@H](C3)C(=O)N(C)C)=C(N2C1=O)C(=O)OCOC(=O)O[C@H]1CCCCc2ccccc12,0.5554672496249997,
TR466,COc1cc(/C=C/C(=O)OCCCN(C)CCCCCCOC(=O)c2cc(OC)c(OC)c(OC)c2)cc(OC)c1OC,0.5453113001194643,
TR37,COc1cc(OC)c2C(=O)C(OC(=O)Cc3ccc(cc3)-c3ccccc3)=C(Oc2c1)c1ccc(OC)c(OC)c1,0.4882390378547285,
TR140,CCc1c2CN3C(=CC4=C(COC(=O)[C@]4(O)CC)C3=O)c2nc2ccc(O)cc12,0.5344996351605761,
TR254,CCCSc1cc2nc(NC(OC)=O)n(COC(c3ccc(N)cc3)=O)c2cc1,0.5753945416986798,
TR304,COC(=O)C(N)CC1=CC=C(O)C(O)=C1,0.7996605014473651,
TE18,CC(=O)Oc1ccccc1C(=O)O[C@H]1CO[C@@H]2[C@@H](CO[C@H]12)OC(=O)c1cnccc1Cl,0.2922256939751336,
TR480,CO[C@@H]1/C=C/c2cc3cc(ccc3cn2)[C@@H](C)OC(=O)[C@@H]2CCCN(N2)C(=O)[C@H](C)NC(=O)[C@H](C(C)C)NC(=O)[C@@H]1C,0.7942268538424383,
TR369,CN1CCC23C4OC5=C2C(CC1C3C=CC4O)=CC=C5OC(=O)C(C)(C)C,0.7597523630954627,
TR60,COC(=O)\C=C\[C@H](CC(C)C)NC(=O)CC[C@H](NC(=O)[C@H](CC(C)C)NC(=O)[C@H](CC(C)C)C(=O)NC(=O)CN)C(N)=O,0.5636654061263284,
TR112,CCOC(=O)\C=C\[C@H](C[C@@H]1CCNC1=O)NC(=O)[C@H](CC#C)N1C=CC=C(NC(=O)c2cc(C)on2)C1=O,0.7404566743658774,
TR435,CC(=O)OC=C,0.3556618228837725,
TR447,ClCCN(CCCl)c1ccc(CCCC(=O)OCCN2C(=O)C=CC2=O)cc1,0.6768352746466891,
TR438,COc1cc(C(C)C)c2C(=O)N(COC3=C(Cc4ccccc4)C(=O)OC3C)S(=O)(=O)c2c1,0.6687656131863793,
TR263,O=C1C(NC(C(N)C2=CC=CC=C2)=O)[C@H](SC3(C)C)N1[C@@H]3C(OCC(N(CC)CC)=O)=O,0.5945582139208839,
TE45,O=C(OCn1ncc2c1N=CNC2=O)c1cccc(CN2CCOCC2)c1,0.4170446879870031,
TR298,CCN(CC)C(=O)C1CCCN1C(=O)OCOC(=O)CC1=CC=CC=C1NC1=C(C=CC=C1)C(F)(F)F,0.7534349770935019,
TR415,CCCCOC(=O)Cc1cc(CN2CCCC2)c(O)c(CN3CCCC3)c1,0.4264090316280161,
TR151,CC1=CN(C2CC(N=[N+]=[N-])C(COC(=O)CN3CCOCC3)O2)C(=O)NC1=O,0.4460776069089019,
TR267,CN(CC(=O)[O-])C(=O)[C@@H]([NH3+])CCC(=O)OCc1ccccc1,0.5983216254744743,
TE64,O[C@@H]1[C@@H](COC(=O)C2CCCCC2)O[C@H]([C@@H]1O)n3cnc4c(NC5CCCC5)ncnc34,0.5573592915307666,
TR360,CCC[C@@H]1O[C@@H]2C[C@H]3[C@@H]4C[C@H](F)C5=CC(=O)CC[C@]5(C)[C@@]4(F)[C@@H](O)C[C@]3(C)[C@@]2(O1)S[C@@H]6CCOC6=O,0.372369866789889,
TE76,Cc1cc(C)nc(n1)N(COC(=O)C(C)(C)C)S(=O)(=O)c2ccc(N)cc2,0.6996868835017885,
TR128,CCOC(=O)CSCC(=O)[C@@]12OC(C)(C)O[C@@H]1CC1C3C[C@H](F)C4=CC(=O)C=C[C@]4(C)[C@@]3(F)[C@@H](O)C[C@]21C,0.5044352730222976,
TR424,Oc1c(CN2CCCC2)cc(CC(=O)OCc3ccc4OCOc4c3)cc1CN5CCCC5,0.4237074421174664,
TR417,CCCOC(=O)CCc1cc(CN2CCCC2)c(O)c(CN3CCCC3)c1,0.5388058625795389,
TR308,CSCOC(=O)[C@@]1(O)CC[C@H]2[C@@H]3CCC4=CC(=O)C=C[C@]4(C)[C@H]3[C@@H](O)C[C@]12C,0.8809128966890758,
TR199,CCN(CC)C(=O)CNC(=O)OCOC(=O)CC1=CC=CC=C1NC1=C(Cl)C=CC=C1Cl,0.3485970795555326,
TR352,CCCCCCCCCCCC(=O)OCC1=C(C)N=C(CO)C(C)=N1,0.6620266321523958,
TE35,CCOC(=O)\C=C\[C@H](C[C@@H]1CCNC1=O)NC(=O)[C@H](Cc1ccc(F)c(F)c1)N1C=CC=C(NC(=O)c2cc(C)on2)C1=O,0.6099082879265011,
TR147,C\C(\C=C\C1=C(C)CCCC1(C)C)=C/C=C/C(/C)=C/C(=O)OCC1OC(CC1N=[N+]=[N-])N1C=C(C)C(=O)NC1=O,0.639937577306655,
TE104,Oc1c(CN2CCCC2)cc(CC(=O)OCCc3ccccc3)cc1CN4CCCC4,0.4744059836421437,
TR498,O=C(CCCC[C@@H]1CCSS1)O[C@H]1C[C@H](n2cc(F)c(=O)[nH]c2=O)O[C@@H]1CO,0.8067226778757369,
TR420,CCCOC(=O)CCCc1cc(CN2CCCC2)c(O)c(CN3CCCC3)c1,0.2993329854958165,
TR148,CC1=CN(C2CC(N=[N+]=[N-])C(COC(=O)CCC(N)C(O)=O)O2)C(=O)NC1=O,0.5945582139208839,
TE11,COc1ccc(OC(=O)NCCCC(C)Nc2cc(OC)cc3cccnc23)cc1,0.7543412540384142,
TR349,CC1=NC(COC(=O)C(C)(C)C)=C(C)N=C1COC(=O)C(C)(C)C,0.6846123983099092,
TR326,CCC(C)OC(=O)C1=CC(NC(=O)C2=CC=CC(=C2)C2=C(CN)C=CC(=C2)C(=O)NC2=C(F)C=NC=C2)=CC=C1,0.4702982267652545,
TR482,CC(C)[C@@H]1NC(=O)C(C)(C)/C=C/c2ccc3ccc(nc3c2)[C@@H](C)OC(=O)[C@@H]2CCCN(N2)C(=O)[C@H](C)NC1=O,0.82036196381369,
TR124,C[C@H]1[C@@H]2[C@H](CCN2C(=O)OCc2ccccc2)N(C(C)=O)C1=O,0.5727093655363837,
TE50,CCC(C(COC(CC1=CC=CC=C1)=O)CC2=CN=CN2C)C(OCC3=CC=CC=C3)=O,0.3535828945384631,
TR97,CN(CCO[N+]([O-])=O)C(=O)COC(=O)c1ccccc1OC(C)=O,0.2522176365111488,
TR144,CCCC/C=C/C/C=C/CCCCCCCCC(OCC1OC(N2C=C(C(NC2=O)=O)C)C=C1)=O,0.639937577306655,
TR240,CCN(CC)CC(=O)OCCn1c(C)ncc1[N+](=O)[O-],0.5326633609524934,
TR395,CC(C)NCC(O)COc1ccc(CC(=O)OCC23CC4CC(CC(C4)C2)C3)cc1,0.5595750066957489,
TR465,COc1cc(/C=C/C(=O)OCCCN(C)CCCCCCCOC(=O)c2cc(OC)c(OC)c(OC)c2)cc(OC)c1OC,0.5573592915307666,
TR98,CCCN(CCO[N+]([O-])=O)C(=O)COC(=O)c1ccccc1OC(C)=O,0.2522176365111488,
TR372,CN1CCC23C4OC5=C2C(CC1C3C=CC4O)=CC=C5OC(=O)C1=C(C)C=CC=C1C,0.929594342669162,
TR325,NCC1=C(C=C(C=C1)C(=O)NC1=C(F)C=NC=C1)C1=CC(=CC=C1)C(=O)NC1=CC=CC(C(=O)OC2CCCC2)=C1F,0.4218569870525492,
TR280,FC(F)(F)C1=C(NC2=CC=CC=C2CC(=O)OCOC(=O)NC(CC2=CC=CC=C2)C(=O)N2CCOCC2)C=CC=C1,0.6440453341835441,
TR294,CCC(C(OCC1=CC=C(C=C1)C)=O)C(CC2=CN=CN2C)COC(C(C)(C)C)=O,0.7251066003602602,
TR255,O=C(CCC1=CC=CC=C1)NC1CC2=CC=C(OCCCCCCNC(=O)\C=C/C3=CC=CC=C3OC1=O)C=C2,0.5772614101118506,
TR401,C[C@H](CS)C(=O)O[C@@H](CSC1CCCC1)C(=O)O,0.5143516994229881,
TR123,CC1CC1C(=O)N1[C@H]2CCN([C@@H]2[C@H](C)C1=O)C(=O)OCc1ccccc1,0.6620266321523958,
TR184,CN1CCN(Cc2cccc(c2)C(=O)OCn2ncc3c2N=CNC3=O)CC1,0.1785098963921358,
TR203,O[C@H]1C[C@@H](O[C@@H]1COC(=O)[C@@H]2CCCN2)N3C=C(F)C(=O)NC3=O,0.3834014397140975,
TR439,COc1cc(C(C)C)c2C(=O)N(COC3=C(C(=O)OC3)c4ccccc4)S(=O)(=O)c2c1,0.5203679951075451,
TR324,O=C(OC1CCOCC1)CC2=CC=C(NC(C3=CC(C4=CC(C(NC5=C(F)C=NC=C5)=O)=CC=C4CN)=CC=C3)=O)C=C2,0.4006982435231307,
TR247,CCCCCCCCOC(=O)[C@H](Cc1ccccc1)NC(=O)CN,0.5525469922713605,
TR416,CC(C)COC(=O)Cc1cc(CN2CCCC2)c(O)c(CN3CCCC3)c1,0.4190027370802307,
TR198,Nc([nH]c1=O)cc2c1ncn2COCCOC(c3ccc(CN4CCOCC4)cc3)=O,0.3470191319001239,
TR500,C[C@H](N[P@@](=O)(OC[C@H]1O[C@@H](n2ccc(=O)[nH]c2=O)C(Cl)(Cl)[C@@H]1O)Oc1ccccc1)C(=O)OC1CCCCC1,0.4890851990166804,
TE41,CC(=O)NC1=NC(=O)N(C=C1)C1CSC(COC(=O)P(O)(O)=O)O1,0.639937577306655,
TE115,CCOc1cc(OCC)c2C(=O)N(COC(=O)c3c(Cl)cccc3Cl)S(=O)(=O)c2c1,0.6228865906541257,
TE75,CC(C)C[C@H]1NC(=O)[C@H](Cc2ccccc2)NC(=O)CNC(=O)[C@H](C)NC(=O)[C@H](Cc2ccc(O)cc2)NC(=O)\C=C\c2ccccc2OCOC1=O,0.6950773109801062,
TR479,COc1cc(/C=C/C(=O)Oc2cc(O)c3c(c2)O[C@H](c2ccc4c(c2)OC(c2ccc(O)c(OC)c2)C(CO)O4)[C@@H](O)C3=O)ccc1O,0.6157169574503024,
TR126,COc1ccc(NC(=O)CC(C)(C)c2c(OC)cc(OC)cc2OC(C)=O)cc1,0.569531919975817,
TR403,CCC(=O)N(c1ccccc1)C2(CCN(CCC(=O)OC)CC2)C(=O)OC,0.540879102297877,
TE14,COC(=O)[C@H](CCSC)NC(=O)[C@H](Cc1ccc(O)c(O)c1)NC(C)=O,0.7061280642159259,
TE4,NCc1ccc(cc1-c1cccc(c1)C(=O)OCC1CC1)C(=O)Nc1ccncc1F,0.480214653165945,
TR224,CCCCC(=O)OC[C@H]1O[C@H]([C@H](O)[C@@H]1O)n2cnc3c(NC4CCCC4)ncnc23,0.480214653165945,
TR343,CS(=O)(=O)NC(=O)C(CC1=CC=CC=C1)NC(=O)OCC1=CC=CC=C1,0.8581233422166408,
TR54,COC(=O)[C@H](Cc1ccc(O)c(O)c1)NC(=O)[C@H](CS)NC(=O)C(C)(C)S,0.6157169574503024,
TR220,CCN(CC)C(=O)CNC(=O)OCOC(=O)CC1=CC=CC=C1NC1=C(C=CC=C1)C(F)(F)F,0.4733976803272707,
TR130,CCN(CC)C(=O)c1cccc(c1)-c1ccc2C[C@H]3[C@@H]([C@@H](CCCCC(N)=N)C(=O)N3C(=O)OC)c2c1,0.8201147027881265,
TE91,C[C@H](C(=O)OCC(=O)N(C)C)c1ccc(c(F)c1)c2ccccc2,0.4387519175920682,
TR187,CN1CCN(Cc2cccc(c2)C(=O)OCn2cnc3N(C)C(=O)N(C)C(=O)c23)CC1,0.15972292414071,
TE94,CN1CCC23C4OC5=C2C(CC1C3C=CC4O)=CC=C5OC(=O)C1=CC=CC=C1C,0.8235119717910665,
TR440,CC(C)[C@H](NC(=O)c1ccc(cc1)C(=O)NS(=O)(=O)c2ccc(Cl)cc2)C(=O)N3CCC[C@H]3C(=O)N\C(=C(\OC(=O)C)/C(F)(F)F)\C(C)C,0.4307275329032847,
TR487,CCOC(=O)[C@@H](C)NP(=O)(OC[C@H]1O[C@@H](c2cnc3c(N)ncnn23)[C@](C)(F)[C@@H]1O)Oc1ccccc1,0.7519643315132883,
TR101,CC(=O)O[C@@]12CO[C@@H]1C[C@H](O)[C@]1(C)[C@@H]2[C@H](OC(=O)c2ccccc2)[C@]2(O)C[C@H](OC(=O)[C@H](O)[C@@H](NC(=O)c3ccccc3)c3ccccc3)C(C)=C([C@@H](OC(=O)NCC(O)=O)C1=O)C2(C)C,0.9142442686635446,
TR495,O=C(O[C@H]1C[C@H](n2cc(F)c(=O)[nH]c2=O)O[C@@H]1CO)c1cccnc1,0.9734076088656548,
TR387,CC(C)(C)NCC(O)COC(=O)CCc1ccccc1,0.595752451241265,
EX6,O=C(CCCSSCCOCCOCCOc1cc(O)c(C(=O)CCc2ccc(O)cc2)c(O)c1)OCn1cc(F)c(=O)[nH]c1=O,0.7975289365706096,780.0
TR295,CCCC(CCC)C(=O)OCN(C)C(=O)c1ccccc1,0.7378659370881607,
TR52,COC(=O)[C@H](Cc1ccc(O)c(O)c1)NC(=O)[C@H](CCSC)NC(C)=O,0.7211899725483658,
TR442,COc1cc(C(C)C)c2C(=O)N(COC(=O)c3c(Cl)ccc(OCCN4CCOCC4)c3Cl)S(=O)(=O)c2c1,0.5385723192793407,
TR113,CCOC(=O)\C=C\[C@H](C[C@@H]1CCNC1=O)NC(=O)[C@H](CC)N1C=CC=C(NC(=O)c2cc(C)on2)C1=O,0.7266236199594326,
TR180,O=C(OCn1ncc2c1N=CNC2=O)c1ccc(CN2CCOCC2)cc1,0.2909067273436587,
TR233,CN(C(COC([C@H]1N2[C@H](C(C2=O)NC(CC3=CC=CC=C3)=O)SC1(C)C)=O)=O)C,0.5143516994229881,
TE117,COc1cc(OC)c2C(=O)N(COC(=O)c3c(Cl)cccc3Cl)S(=O)(=O)c2c1,0.5232222452737235,
TE33,Cc1cc(no1)C(=O)NC1=CC=CN([C@@H](CC#C)C(=O)N[C@@H](C[C@@H]2CCNC2=O)\C=C\C(=O)OCc2ccccc2)C1=O,0.7043840873213297,
TR374,CC(C)NCC(O)COC(=O)c1ccccc1F,0.2815423835087857,
TR315,CC1(CC(=O)NOC2=CC=CC=C2)CCOC(=O)O1,0.4119405606518588,
TR463,COc1cc(/C=C/C(=O)OCCCCN(C)CCCCCCOC(=O)c2cc(OC)c(OC)c(OC)c2)cc(OC)c1OC,0.6420165054581045,
TR152,CC1=CN(C2CC(N=[N+]=[N-])C(COC(=O)c3cccnc3)O2)C(=O)NC1=O,0.4307275329032847,
TR172,CN(C)Cc1ccc(cc1)C(=O)OCn1ncc2c1N=CNC2=O,0.4255180994752006,
TR234,CCCCCCCC(=O)OC[C@H]1O[C@H]([C@H](O)[C@@H]1O)n2cnc3c(NC4CCCC4)ncnc23,0.5174135755560623,
TR307,CC(C)OC(=O)C(N)CC1=CC=C(O)C(O)=C1,0.8768051398121867,
TE15,COc1ccc2cc(ccc2c1)C(C)C(=O)OCN1C(=O)Oc2ccc(Cl)cc12,0.5337600200199346,
TR165,CN1CCN(Cc2cccc(c2)C(=O)Oc2ccc(NC(C)=O)cc2)CC1,0.5143516994229881,
TR318,OC(=O)OCCC(O)(CF)CC(=O)NCC1=CC=CC=C1,0.5232222452737235,
TR137,CC(=O)Nc1ccc(OC(=O)Nc2ccc(cc2O)C(=O)c2ccccc2)cc1,0.2368675625055316,
TR411,C[C@@]12[C@](C(OCC)=O)(OC(C(Cl)Cl)=O)CC[C@@]1([H])[C@]3([H])CCC4=CC(C=C[C@]4(C)[C@@]3([H])[C@@H](O)C2)=O,0.6030188292940154,
TR359,CC1(C)O[C@@H]2C[C@H]3[C@@H]4C[C@H](F)C5=CC(=O)C=C[C@]5(C)[C@@]4(F)[C@@H](O)C[C@]3(C)[C@@]2(O1)S[C@H]6CCOC6=O,0.3535828945384631,
TR283,CCOC(=O)C(N)CC1=CC=CC=C1,0.6587245495580809,
TR377,CC(C)NCC(O)COC(=O)c1ccc(F)cc1,0.342340577409735,
TR385,CC(C)(C)NCC(O)COC(=O)c1ccc(cc1)[N+](=O)[O-],0.3803942514786725,
TR225,CCN(C(COC(C1N2C(C(C2=O)NC(CC3=CC=CC=C3)=O)SC1(C)C)=O)=O)CC,0.4931929558935696,
TE119,COc1ccc(CN2CCC(OC(=O)CCCCC3CCSS3)CC2)cc1,0.5399639593610785,
TE30,CCN(CCOC(=O)c1ccccc1OC(C)=O)CCO[N+]([O-])=O,0.2448919471943151,
TR348,CCCCCCCCCCCCCCCCCC(OCC1=C(N=C(C(C)=N1)CO)C)=O,0.7720029833452038,
TE2,NCc1ccc(cc1-c1cccc(c1)C(=O)OCC1CCCCO1)C(=O)Nc1ccncc1F,0.4006982435231307,
EX16,CC(C(=O)OCCOc1ccc2oc(=O)ccc2c1)c1cccc(C(=O)c2ccccc2)c1,0.5259828963245866,31.0
TE102,CCCCCCCOC(=O)CCN1CCC(CC1)(N(C(=O)CC)c2ccccc2)C(=O)OC,0.6609402647230631,
TE85,O=C(NC(CC1=CC=CC=C1)C1=NNC(O1)C1=CC=CC=C1)OCC1=CC=CC=C1,0.7849812860728284,
TR86,CCOC(=O)CCNC(=O)C1CCn2c1ccc2C(=O)c1ccccc1,0.5709766280612913,
TR243,COc1ccc2cc(ccc2c1)[C@H](C)C(=O)OCCOCCO,0.5444433304862825,
TR160,CC(=O)Nc1ccc(OC(=O)c2cccc(CN3CCOCC3)c2)cc1,0.575771241669458,
TR36,COC(=O)CN1C(=O)[C@H](Cc2ccc(OC(C)=O)c(OC(C)=O)c2)NC1(C)C,0.5026627376461623,
TE54,CN(N=Nc1ccc(cc1)C#N)C(=O)OCOC(=O)C,0.3982577157355772,
TE46,CN1CCN(Cc2cccc(c2)C(=O)OCN2C(=O)NC(C2=O)(c2ccccc2)c2ccccc2)CC1,0.4006982435231307,
TE113,CC[C@@]1(O)C(=O)OCC2=C1C=C3N(Cc4cc5ccccc5nc34)C2=O,0.4955647271715622,
TR96,CC(=O)Oc1ccccc1C(=O)OCCO[N+]([O-])=O,0.2764382563675014,
TR241,CCOC(=O)c1ccc(cc1)N=NN(C)C(=O)OCOC(=O)c2ccccc2O,0.5337600200199346,
TR461,CC(=O)O[C@H]1C(=O)[C@@]2(C)[C@H]([C@H](OC(=O)c3ccccc3)[C@]3(O)C[C@H](OC(=O)[C@H](OC(=O)CNC(=O)ONC(=O)CCCCCCC(=O)Nc4ccccc4)[C@@H](NC(=O)c4ccccc4)c4ccccc4)C(C)=C1C3(C)C)[C@]1(OC(C)=O)CO[C@@H]1C[C@@H]2O,0.5232222452737235,
TE68,CCOC(=O)CN(COC(=O)[C@@H](C)c1ccc2cc(OC)ccc2c1)C(=O)c3ccccc3,0.60366896623286,
TR207,CCN(CC)Cc1cccc(c1)C(=O)OCCOCn2cnc3C(=O)NC(=Nc23)N,0.4065069130469321,
TR393,CC(C)NCC(O)COc1ccc(CC(=O)O[C@H]2CC3CCC2C3)cc1,0.4882390378547285,
TR398,C[C@H](CS)C(=O)O[C@@H](Cc1ccccc1)C(=O)O,0.500852080482288,
TE47,Cc1ncc(n1CCOC(=O)c1cccc(CN2CCOCC2)c1)[N+]([O-])=O,0.372369866789889,
TR218,CCC(C(OCCC1=CC=CC=C1)=O)C(CC2=CN=CN2C)COC(C3=CC=CC=C3)=O,0.4648645791603278,
TR5,CCCC(=O)OC[C@H]1O[C@H]([C@H](OC(=O)CCC)[C@@H](OC(=O)CCC)[C@@H]1OC(=O)CCC)n1cc(nn1)-c1ccccc1,0.7688761189526732,
TE79,COC(=O)CC(O)(CF)CCOC(O)=O,0.4307275329032847,
TE43,CC12CC(O)C3C(CCC4=CC(=O)CCC34C)C1CC[C@]2(O)C(=O)COC(=O)c1cccc(CN2CCOCC2)c1,0.5843405622762503,
TR99,CCCN(CCOC(=O)c1ccccc1OC(C)=O)CCO[N+]([O-])=O,0.1938599703977531,
TR407,CCCCCOC(=O)CCN1CCC(CC1)(N(C(=O)CC)c2ccccc2)C(=O)OC,0.5286558926847903,
TR503,CC(C)OC(=O)[C@H](C)N[P@@](=O)(OC[C@H]1O[C@@H](n2ccc(=O)[nH]c2=O)C(Cl)(Cl)[C@@H]1O)Oc1ccc(C2(C)CC2)cc1,0.4460776069089019,
TR48,CC(C)(C)CCOC(=O)Cc1ccccc1Nc1c(Cl)cccc1Cl,0.6333738146683158,
TR33,COC(=O)[C@H](C)NP(=O)(OC[C@H]1O[C@@H](n2cnc3c(nc(N)nc23)N2CCC2)[C@](C)(F)[C@@H]1O)Oc1ccccc1,0.787935705624311,
TR201,COC(=O)C(CC1=CC=C(OCCCCCCN)C=C1)NC(=O)CCC1=CC=CC=C1,0.372369866789889,
TR135,COC(CNC(=O)Oc1ccc(NC(C)=O)cc1)COc1ccccc1OC,0.6492280356787302,
TR28,CCCCN(C(=O)OCCN1CCN(C)CC1)c1nc(SCC)nc2n(CC(Cl)c3ccccc3)ncc12,0.5174135755560623,
TR231,CCN(CC)C(=O)CN(C)C(=O)OCOC(=O)CC1=CC=CC=C1NC1=C(C=CC=C1)C(F)(F)F,0.5111742538624212,
TR379,COc1ccc(cc1)C(=O)OCC(O)CNC(C)C,0.5742542218764256,
TR289,C[C@H](NC(=O)[C@H](N)CC(=O)OCc1ccc(F)cc1)C(=O)O,0.7050342242601744,
TR419,CC(C)COC(=O)CCc1cc(CN2CCCC2)c(O)c(CN3CCCC3)c1,0.510849812917723,
TR392,CC(C)NCC(COC1=CC=C(C=C1)CC(=O)OCS(=O)(=O)C)O,0.2068382731253776,
TR499,CC(C)OC(=O)[C@H](C)N[P@@](=O)(OC[C@H]1O[C@@H](n2ccc(=O)[nH]c2=O)C(Cl)(Cl)[C@@H]1O)Oc1ccccc1,0.5143516994229881,
TR139,Oc1ccc(Cl)cc1NC(=O)OCC(Cl)(Cl)Cl,0.4315652743390024,
TR63,CC(C)Cc1ccc(cc1)C(C)C(=O)OCN1C(=O)Oc2ccc(Cl)cc12,0.540879102297877,
TR472,COc1cc(/C=C/C(=O)OC[C@H](C)CN(C)CCCCCCCOC(=O)c2cc(OC)c(OC)c(OC)c2)cc(OC)c1OC,0.5992367684112727,
TR129,CCN(CC)C(=O)c1cccc(c1)-c1ccc2[C@H]3[C@H](Cc2c1)N(C(=O)OC)C(=O)[C@@H]3CCCCC(N)=N,0.8491476217100254,
EX9,COc1ccc(CC(=O)OCCCNC(=O)CCCCC2CCSS2)cc1OC,0.5413329703394364,37.2
TE17,CC(=O)Nc1cccc(c1)C(=O)O[C@@H]1CO[C@@H]2[C@H](CO[C@H]12)OC(=O)c1ccccc1OC(C)=O,0.342340577409735,
TR65,CC(=O)Oc1ccccc1C(=O)O[C@H]1CO[C@@H]2[C@@H](CO[C@H]12)OC(=O)c1ccnn1C,0.3503649622923785,
TR157,CN1CCN(Cc2ccc(cc2)C(=O)OCC(=O)[C@@]2(O)CCC3C4CCC5=CC(=O)CCC5(C)C4C(O)CC23C)CC1,0.6570236369111687,
TR188,CCOC(=O)CNC(=O)OCOC(=O)c1ccccc1,0.1167153322267914,
TR217,OC[C@H]1O[C@H](C[C@@H]1OC(=O)[C@@H]2CCCN2)N3C=C(F)C(=O)NC3=O,0.4578444883745095,
TR53,COC(=O)[C@H](Cc1ccc(O)c(O)c1)NC(=O)[C@H](CS)NC(=O)[C@@H](CS)NC(C)=O,0.6843644091462968,
TR338,OC1=CC(=CC(O)=C1O)C(=O)OC1=C(O)C=CC=C1,0.6774171736513936,
TR296,CC(C)[C@@H](C(=O)OCCOCN1C=NC2=C1NC(=NC2=O)N)N,0.7469991736672236,
TR252,NCCCC[C@H](N)C(=O)O[C@H]1C[C@@H](O[C@@H]1CO)N2C=C(F)C(=O)NC2=O,0.5678970662769777,
TR462,CC(C)COC(=O)n1c(=O)ccn([C@@H]2O[C@H](CO[P@@](=O)(N[C@@H](C)C(=O)OC(C)C)Oc3ccccc3)[C@@H](O)[C@@]2(C)F)c1=O,0.480214653165945,
TR456,ClCCN(CCCl)CCOC(=O)C1=CN(C=CC1)c2ccccc2,0.5843405622762503,
EX24,COc1ccc(-c2ccc3c(c2)COC3=O)n2nc(C3(C(=O)OC4CCCC4)CC3)nc12,0.4778428818271374,17.5
TR270,O[C@H]1[C@H](Oc2cc3OC(=CC(=O)c3c(O)c2O)c4ccc(O)cc4)O[C@@H]([C@@H](O)[C@@H]1O)C(=O)OCc5ccccc5,0.6138249157383955,
TR162,CCN(CC)Cc1cccc(c1)C(=O)OCC(=O)[C@@]1(O)CCC2C3CCC4=CC(=O)CCC4(C)C3C(O)CC12C,0.5337600200199346,
TR402,CCC(CC)SC[C@H](OC(=O)[C@H](C)CS)C(=O)O,0.540879102297877,
TR477,CCCCCOC(=O)[C@H](CC(C)C)NP1(=O)COC(Cn2cnc3c(N)ncnc32)CO1,0.6099082879265011,
TR106,CCOC(=O)\C=C\[C@H](CC(C)C)NC(=O)[C@H](CO)NC(=O)[C@@H](NC(=O)OCc1ccccc1)C(C)C,0.6975907010375338,
TE62,CCCCC\C=C/C\C=C/C\C=C/CCCCC(=O)OCn1cnc2N(C)C(=O)N(C)C(=O)c12,0.5152820107393103,
TR390,CC(C)NCC(COC1=CC=C(C=C1)CC(=O)OCSC)O,0.2180805902541057,
TR2,CC(=O)OC[C@H]1O[C@H]([C@H](OC(C)=O)[C@@H](OC(C)=O)[C@@H]1OC(C)=O)n1cc(nn1)-c1ccc(cc1)S(N)(=O)=O,0.4006982435231307,
TE109,COc1cc(C(C)C)c2C(=O)N(COC3=C(C(=O)OC3C)c4ccccc4)S(=O)(=O)c2c1,0.6609402647230631,
TE58,COC(=O)[C@H](Cc1ccc(OC(=O)C)c(OC(=O)C)c1)NC(=O)CCC(=O)N[C@@H](Cc2ccc(OC(=O)C)c(OC(=O)C)c2)C(=O)OC,0.4584523777977253,
TR81,CC(=O)Oc1ccccc1C(=O)O[C@H]1CO[C@@H]2[C@@H](CO[C@H]12)OC(=O)c1cccnc1,0.1531591615023708,
TR206,CCCSc1ccc2nc(NC(=O)OC)n(C(=O)OCC)c2c1,0.4029529997598314,
TR35,COC(=O)CN1C(=O)[C@H](Cc2ccc(O)c(O)c2)NC1(C)C,0.5531392032694704,
TE5,CCCOC(=O)c1cccc(c1)-c1cc(ccc1CN)C(=O)Nc1ccncc1F,0.4847666977414118,
TR428,Oc1c(CN2CCCC2)cc(CC(=O)OCCc3ccsc3)cc1CN4CCCC4,0.5357180691131622,
TR455,[O-][N+](=O)c1ccc(cc1)N2C=CCC(=C2)C(=O)OCCN(CCCl)CCCl,0.6193780698729537,
TR367,CN1CCC23C4OC5=C2C(CC1C3C=CC4O)=CC=C5OC(=O)C1=CC=CC=C1Cl,0.5763704777651751,
TR92,CC(=O)Oc1ccccc1C(=O)O[C@H]1CO[C@@H]2[C@@H](CO[C@H]12)OC(=O)c1ccccc1O,0.1785098963921358,
TR340,CC(C)C1=C(OC(=O)C2=CC(O)=C(O)C(O)=C2)C=C(C)C=C1,0.6667489342468644,
TE61,CCOC(=O)CSCC(=O)[C@@]12OC(C)(C)O[C@@H]1C[C@H]3[C@@H]4C[C@H](F)C5=CC(=O)C=C[C@]5(C)[C@@]4(F)[C@@H](O)C[C@]23C,0.5044352730222976,
TR346,O=C(NC(CC1=CC=CC=C1)C(=O)NC#N)OCC1=CC=CC=C1,0.7404566743658774,
TR242,Cc1ncc([N+](=O)[O-])n1CCOC(=O)CCCC(=O)OCCn2c(C)ncc2[N+](=O)[O-],0.5399639593610785,
TR14,NCc1ccc(cc1-c1cccc(c1)C(=O)OC1CCCOC1)C(=O)Nc1ccncc1F,0.480214653165945,
TR316,CC1(CC(=O)NOCC2=CC=C(F)C=C2)CCOC(=O)O1,0.4119405606518588,
TE97,CC(C)NCC(O)COc1ccc(CC(=O)OCCC23CC4CC(CC(C4)C2)C3)cc1,0.3994868224549737,
TR388,CC(C)(C)NCC(O)COC(=O)C(c1ccccc1)c2ccccc2,0.639937577306655,
TR274,COC(=O)[C@H](Cc1ccc(OC(=O)C)c(OC(=O)C)c1)NC(=O)N[C@@H](Cc2ccc(OC(=O)C)c(OC(=O)C)c2)C(=O)OC,0.6261721503693036,
TR167,CN1CCN(Cc2cccc(c2)C(=O)OCC(=O)[C@@]2(O)CCC3C4CCC5=CC(=O)C=CC5(C)C4C(O)CC23C)CC1,0.480214653165945,
EX21,COc1ccc(-c2ccc3c(c2)COC3=O)n2nc(C3(C(=O)OC(C)C)CC3)nc12,0.4424944144374434,11.5
TR485,COCCOC(=O)c1cc(N)c(Nc2ccc(C#N)cc2)cc1Oc1c(C)cc(/C=C/C#N)cc1C,0.929052911157838,
EX11,O=C(CCCCC1CCSS1)NCCOCCOC(=O)Cc1ccc(O)c(O)c1,0.6464171055651694,129.6
TR244,NCCCC[C@H](N)C(=O)OC[C@H]1O[C@H](C[C@@H]1O)N2C=C(F)C(=O)NC2=O,0.5448784338749025,
TE63,N[C@@H](CC(=O)O)C(=O)OC[C@H]1O[C@H](C[C@@H]1O)N2C=C(F)C(=O)NC2=O,0.5444433304862825,
TE59,CN(N=Nc1ccc(C)cc1)C(=O)OCOC(=O)C,0.4648645791603278,
TR190,CCOC(=O)CNC(=O)OCOC(=O)c1cccnc1,0.1658117682358488,
TR476,CCC/N=C1\S/C(=C\c2ccc(C(=O)OCC3COC(=O)O3)cc2)C(=O)N1c1ccccc1O,0.582971551468857,
TE7,CCCCCCOC(=O)c1cccc(c1)-c1cc(ccc1CN)C(=O)Nc1ccncc1,0.5662298371876421,
TR59,COC(=O)\C=C\[C@H](CC(C)C)NC(=O)CC[C@H](NC(=O)[C@H](CC(C)C)NC(=O)[C@H](CC(C)C)C(=O)NC(=O)[C@H](C)N)C(N)=O,0.5983216254744743,
TR475,CCC/N=C1\S/C(=C\c2ccc(C(=O)OCCN3CCOCC3)cc2)C(=O)N1c1ccccc1O,0.6740746235636982,
TE57,CCOC(=O)CN(COC(=O)[C@@H]1N2[C@H](SC1(C)C)[C@H](NC(=O)c3c(C)onc3c4c(Cl)cccc4Cl)C2=O)C(=O)c5ccccc5,0.4315652743390024,
TR253,N[C@@H](CC(=O)O)C(=O)O[C@H]1C[C@@H](O[C@@H]1CO)N2C=C(F)C(=O)NC2=O,0.5725533092295134,
TR22,COC(=O)c1cccc(c1)-c1cc(ccc1CN)C(=O)Nc1ccncc1,0.6166472687666247,
TR314,CC1(CC(=O)OCC2=CC=CC=C2)CCOC(=O)O1,0.3535828945384631,
TR460,CC(=O)O[C@H]1C(=O)[C@@]2(C)[C@H]([C@H](OC(=O)c3ccccc3)[C@]3(O)C[C@H](OC(=O)[C@H](OC(=O)CCC(=O)ONC(=O)CCCCCCC(=O)Nc4ccccc4)[C@@H](NC(=O)c4ccccc4)c4ccccc4)C(C)=C1C3(C)C)[C@]1(OC(C)=O)CO[C@@H]1C[C@@H]2O,0.5232222452737235,
TR161,CCCNCc1cccc(c1)C(=O)OCC(=O)[C@@]1(O)CCC2C3CCC4=CC(=O)CCC4(C)C3C(O)CC12C,0.5431243638548076,
TR277,CCCCCCCCCCCCOC(=O)[C@H](Cc1ccccc1)NC(=O)CN,0.6341289077828537,
TR192,CCOC(=O)c1ccc(cc1)N=NN(C)C(=O)OCOC(=O)c2ccccc2OC(=O)C,0.2368675625055316,
TR414,CCCOC(=O)Cc1cc(CN2CCCC2)c(O)c(CN3CCCC3)c1,0.4825214361844813,
TR492,CC(C)OC(=O)C1(NP(=O)(OC[C@H]2O[C@@H](c3cnc4c(N)ncnn34)[C@](C)(F)[C@@H]2O)Oc2ccccc2)CCC1,0.765628629846202,
TR309,CSCOC(=O)[C@@]1(O)CC[C@H]2[C@@H]3CCC4=CC(=O)CC[C@]4(C)[C@H]3[C@@H](O)C[C@]12C,0.8878367125425353,
TR131,CNC1CCCc2onc(OCOC(=O)C(C)(C)C)c12,0.4648645791603278,
TR100,CN(CCOC(=O)c1ccccc1OC(C)=O)CCO[N+]([O-])=O,0.1355023044782173,
TR373,CC(C)NCC(O)COC(=O)c1ccccc1,0.3069921100845349,
TR88,CCOC(=O)CCC(NC(=O)C1CCn2c1ccc2C(=O)c1ccccc1)C(=O)OCC,0.5143516994229881,
TR459,O=C(CCCCC1CCSS1)OC1CCN(Cc2ccccc2)CC1,0.5105241169235766,
TR215,CCOC(=O)CN(COC(=O)c1ccccc1)C(=O)c2ccccc2,0.4460776069089019,
TR122,C[C@H]1[C@@H]2[C@H](CCN2C(=O)OCc2ccccc2)N(C(=O)C(C)(C)C)C1=O,0.6917314805878516,
TR21,NCc1ccc(cc1-c1cccc(c1)C(=O)OCCO)C(=O)Nc1ccncc1F,0.6068464117934269,
TR72,COc1ccc(cc1)C(=O)O[C@@H]1CO[C@@H]2[C@H](CO[C@H]12)OC(=O)c1ccccc1OC(C)=O,0.2448919471943151,
TR107,CCOC(=O)\C=C\[C@H](CC(C)C)NC(=O)[C@H](CC(C)C)NC(=O)[C@H](CC(C)C)NC(=O)C1=CCCN(C1)C(=O)OC(C)(C)C,0.6820990082524816,
TR271,CCCCOC(=O)[C@@H](N)Cc1ccc(O)c(O)c1,0.6211506050552291,
TR436,CCCCC[C@@H](/C=C/[C@H]1[C@@H](C[C@H]2[C@@H]1CC(=C2)CCCCC(=O)OC)O)O,0.4768751433841652,
TR103,CC(=O)O[C@@]12CO[C@@H]1C[C@H](O)[C@]1(C)[C@@H]2[C@H](OC(=O)c2ccccc2)[C@]2(O)C[C@H](OC(=O)[C@H](O)[C@@H](NC(=O)c3ccccc3)c3ccccc3)C(C)=C([C@@H](OC(=O)CCC(O)=O)C1=O)C2(C)C,0.8112441569373912,
